,city,city_lat,city_long
0,Camaragibe,-8.021383199999999,-34.9810768
1,Rio de Janeiro,-22.911013699999998,-43.2093727
2,Ribeirão Preto,-21.178333,-47.80666710000001
3,Unknown,25.0387049,-77.29415364483259
4,Porto Alegre,-30.0324999,-51.23037670000001
5,Santa Cruz do Sul,-29.7141799,-52.4284533
6,Santo André,-23.6573395,-46.532250399999995
7,Dias davila,-12.6107233,-38.3028518
8,Arcos,-20.282223000000002,-45.539444
9,Coqueiral,-21.185022399999998,-45.4390315
10,Arujá,-23.396476,-46.319983
11,João Pessoa,-7.1215981,-34.882028000000005
12,Itaguai,-22.862959699999998,-43.775321999999996
13,Sao Gabriel,-30.33421400000001,-54.322714899999994
14,Cariacica,-20.263202,-40.416548999999996
15,Nova Venecia,-18.7063456,-40.396978600000004
16,Barra de Sao Francisco,-18.7570902,-40.8916119
18,Santo Agostinho,-8.29626095,-34.984813331213395
19,Londrina,-23.3112878,-51.1595023
20,Maringá,-23.425269,-51.9382078
21,Campina Grande,-7.2246743,-35.8771292
22,Itapetininga,-23.588607,-48.048326
23,São Paulo,-23.5506507,-46.633382399999995
24,São Luís,-2.5319224,-44.2933276
25,Goiânia,-16.680882,-49.2532691
26,Duque de Caxias,-22.7896225,-43.309929
27,Nova Iguaçu,-22.7592175,-43.45087279999999
28,Salvador,13.800038199999998,-88.9140683
29,Várzea Grande,-15.645816,-56.132218
30,Fazenda Rio Grande,-25.6466077,-49.310314899999995
31,Campina Grande do Sul,-25.3046032,-49.0545355
32,Itapeva,-23.9849105,-48.8803886
33,Mountain View,37.3893889,-122.0832101
34,Juazeiro do Norte,-7.215345299999999,-39.3153336
35,Itapecerica da Serra,-23.7176303,-46.8492435
36,Macaé,-22.371295800000002,-41.78669220000001
37,Santo Amaro,-12.5489148,-38.7528771409091
38,Limeira,-22.5615068,-47.401765999999995
39,Itaquaquecetuba,-23.4754492,-46.3514033
40,Marco,41.170802,-8.15446894308123
41,Campo Grande,-20.464017300000002,-54.61629470000001
42,Monte Azul Paulista,-20.91454895,-48.650762353824604
43,Tatuí,-23.351473300000002,-47.8552438
44,Bela Vista de Goias,-16.969294899999998,-48.9513071
45,Sape,-7.093591,-35.227975
46,Goianira,-16.5001973,-49.42547879999999
47,Carpina,-7.8459151,-35.2538861
48,Buenos Aires,-34.607561600000004,-58.437076
49,Osasco,-23.5324859,-46.7916801
50,Santos,-23.960832999999997,-46.333889
51,Brasília,-10.333333300000001,-53.2
52,Carapicuiba,-23.5234673,-46.840680799999994
53,Curitiba,-25.4295963,-49.2712724
54,Suzano,-23.5427842,-46.3108391
55,Manaus,-3.1316333,-59.9825041
56,Junqueiro,-9.9201549,-36.474737
57,Pato Branco,-26.2295984,-52.67124739999999
58,Francisco Beltrao,-26.0790979,-53.0533527
59,Belém,31.704520600000002,35.2037665
60,Sao Cristovao,-11.0136465,-37.2071134
61,Araraquara,-21.7886713,-48.1773096
62,Monte Alegre de Sergipe,-10.0281128,-37.5622724
63,Campo Magro,-25.3691533,-49.4496921
64,Joinville,-26.3044898,-48.8486726
65,Lapao,-11.3827148,-41.83380800000001
66,Natal,-5.805398,-35.20809050000001
67,Cuiabá,-15.598668599999998,-56.099130099999996
68,Diamantina,-18.244086199999998,-43.6006487
69,Guarulhos,-23.443060199999998,-46.524459
70,São Bernardo do Campo,-23.6901021,-46.5629624
71,Barra do Ribeiro,-30.293020600000002,-51.301437
72,Moscow,55.7507178,37.6176606
73,Itabira,-19.6186264,-43.2267011
74,Campo Mourao,-24.046329,-52.37802
75,Nova Friburgo,-22.2800004,-42.5325303
76,Serra,39.6854445,-0.4284905
77,Vitória,-20.3200917,-40.3376682
78,Descalvado,-21.9090404,-47.62032410000001
79,Recife,-8.064193099999999,-34.878151700000004
80,Vila Velha,-20.3297293,-40.2920284
81,Linhares,-19.381694399999997,-40.0612213
82,Sao Goncalo,-22.821901399999998,-43.03092520000001
83,Niterói,-22.883237100000002,-43.1154552
84,Belo Horizonte,-19.9227318,-43.9450948
85,Victoria,-36.5986096,144.6780052
86,Sao Joao Nepomuceno,-21.535915799999998,-43.01514279999999
87,Pilar,11.5092408,123.01432055003299
88,Valinhos,-22.97056,-46.99583
89,Ararangua,-28.934883199999998,-49.4858389
90,Viana,42.515472499999994,-2.3713437
91,Porto Velho,-8.7494525,-63.87354379999999
92,Rio Branco,-9.9765362,-67.82207779999999
93,Sao Joao de Meriti,-22.804374399999997,-43.3724125
94,Socorro,34.0572769,-106.8930169
95,Fortaleza,-3.7304512,-38.5217989
96,Redencao,-8.025294,-50.031687
97,Itu,-23.2638828,-47.298891999999995
98,Santa Isabel,9.4773508,-79.23905182856409
99,Guaruja,-23.9927768,-46.25583320000001
100,Marica,-22.9196772,-42.8184375
101,Piracuruca,-3.9304803999999995,-41.7150099
102,Porto Seguro,-16.443473,-39.064251
103,Mogi das Cruzes,-23.5234284,-46.1926671
104,Itacarambi,-15.1,-44.092222
105,Apucarana,-23.5525327,-51.461076399999996
106,Sarandi,-27.941999999999997,-52.923085
107,Ariranha,-21.187160000000002,-48.790418
108,Paulo Afonso,-9.399100599999999,-38.226711
109,Taboao da Serra,-23.612191199999998,-46.7790539
110,Santa Luzia,13.8250489,-60.975035999999996
111,Itaberaba,-12.524182000000001,-40.305896999999995
112,Gravataí,-29.9440222,-50.9930938
113,Conceicao do Coite,-11.5629384,-39.2839543
114,Andradas,-22.0680484,-46.5688976
115,The Bronx,40.85048545,-73.84040355802091
116,Ponta Grossa,-25.0891685,-50.160181200000004
117,Timoteo,-19.577139499999998,-42.6436108
118,Betim,-19.968056,-44.198333
119,Barra do Piraí,-22.470340300000004,-43.8263256
120,Estancia,-11.2682255,-37.4378341
121,Uberlândia,-18.918804100000006,-48.2767837
122,Jundiaí,-23.1882258,-46.8838097
123,Aracaju,-10.9162061,-37.0774655
124,Nossa Senhora da Gloria,-10.2188811,-37.4199759
125,Florianópolis,-27.5973002,-48.5496098
126,Jaboatao dos Guararapes,-8.175247599999999,-34.9468716
127,Varzea Paulista,-23.2113889,-46.8283333
128,Gandu,-13.744813800000001,-39.484473200000004
129,Itauna,-20.075556,-44.576389
130,Guaporema,-23.340218,-52.778605000000006
131,Pacajus,-4.171073000000002,-38.464988
132,Palmas,-10.183560400000001,-48.333779299999996
133,Viamão,-30.081933799999998,-51.0261927
134,Sapucaia,-21.9946569,-42.9137975
135,Sao Goncalo do Para,-19.982778,-44.859167
136,Ituverava,-20.3366604,-47.7797924
137,Araçatuba,-21.207992,-50.4390225
138,Caxias do Sul,-29.168479600000005,-51.1793861
139,Santa Maria,-29.686051199999998,-53.8069214
140,Belford Roxo,-22.766728399999998,-43.403360299999996
142,Petrolina,-9.3817334,-40.4968875
143,Janauba,-1.6345,-45.4729583
144,Januaria,-15.4875,-44.361111
145,Teresina,-5.0896403,-42.809588
146,Feira de Santana,-12.2578934,-38.9598047
147,Guapiacu,-20.79663,-49.2253917
148,Araripina,-7.5768581999999975,-40.503850899999996
149,Penedo,-10.287422,-36.581905
150,Juiz de Fora,-21.7609533,-43.3501129
151,Contagem,-19.913274899999998,-44.0840953
152,Volta Redonda,-22.5225497,-44.1040128
153,Campinas,-22.90556,-47.060829999999996
154,Nova Soure,-11.240933199999999,-38.4774123
155,Sorocaba,-23.501667,-47.458056
156,Mossoro,-5.1904332,-37.3443872
157,Canoas,-29.921604499999997,-51.1799525
158,Escada,-8.3594071,-35.223268299999994
159,Taperoa,-13.537334,-39.0986475
160,Jardim (2),-16.0150694,-47.3805112
161,Poa,-30.0324999,-51.23037670000001
162,Afogados da Ingazeira,-7.750429,-37.6356375
163,Piritiba,-11.7320314,-40.5561536
164,Itamaraju,-17.0363103,-39.527994
165,Paraiso,18.362305499999998,-93.1883586891972
166,Barueri,-23.511218399999997,-46.8764612
167,Palmeira dos Indios,-9.411287699999999,-36.6293905
168,Amorinopolis,-16.621130800000003,-51.094992100000006
169,Campo Verde,-24.1647866,-65.2919079
170,Araruama,-22.8733203,-42.34288970000001
171,Presidente Prudente,-22.1225167,-51.3882528
172,Denver,39.739142799999996,-104.984696
173,Itupiranga,-5.1337224,-49.33219879999999
174,Matozinhos,-19.5576547,-44.0816035
175,Oeste,39.3315979,-9.17863928610299
176,Blumenau,-26.919556699999998,-49.065802500000004
177,Brusque,-27.0964628,-48.913632299999996
178,Bom Jardim de Minas,-21.947646600000002,-44.1906033
179,Patos de Minas,-18.604145300000006,-46.5096698
180,Cotia,-23.603889000000002,-46.918889
181,Maceió,-9.647684300000002,-35.73392639999999
182,Curvelo,-18.7571926,-44.4305993
183,São Caetano do Sul,-23.6195923,-46.5688323
184,Patrocinio,-18.9408294,-46.9926624
185,Itupeva,-23.1531055,-47.0580347
186,Imperatriz,-5.5269279000000004,-47.478115
187,Vitória da Conquista,-14.856748699999999,-40.8414804
188,Paranaguá,-25.512190399999998,-48.5251854
189,Borda da Mata,-22.274167000000002,-46.165278
190,Barra Mansa,-22.539484299999998,-44.1735129
191,Independencia,16.21357175,-91.9054476251586
192,Macaiba,-5.8561372,-35.35237739999999
193,Conselheiro Lafaiete,-20.659610699999998,-43.785743
194,Franco da Rocha,-23.3328038,-46.724446
195,Divinópolis,-20.1434559,-44.89125
196,Santo Antonio do Amparo,-20.941338899999998,-44.9187397
197,Ipiau,-14.131821100000002,-39.73731770000001
198,Cacapava,-23.099204,-45.707645
199,Palhoca,-27.6458891,-48.669286
200,Araucária,-25.5861107,-49.4051209
201,Brasilandia,-21.254428,-52.036519
202,Arapiraca,-9.754866,-36.661471
203,Guaribas,-9.3957375,-43.68779650000001
204,Tucano,-10.963517,-38.785957
205,Valparaiso,-33.0458456,-71.6196749
206,Porto,41.1494512,-8.6107884
207,Campos dos Goytacazes,-21.7558619,-41.3326895
208,Ananindeua,-1.3740350000000001,-48.4016623
209,Garanhuns,-8.890588900000003,-36.4930896
210,Itaborai,-22.749623100000004,-42.855742799999994
211,Ourinhos,-22.977791800000002,-49.868204
212,Piracicaba,-22.725279999999998,-47.64917
213,Três Lagoas,-20.7866799,-51.706124700000004
214,Andradina,-20.894761,-51.378568
215,Sete Lagoas,-19.466110999999998,-44.246944
216,Praia Grande,-24.005833,-46.40277800000001
217,Alem Paraiba,-21.8760576,-42.6810473
218,Carmo,-28.745496999999997,-50.7528931629562
219,Itabuna,-14.786987900000002,-39.2788778
220,Olindina,-11.360130900000001,-38.3269571
221,Porto Esperidiao,-15.852166500000001,-58.4693093
222,Mairiporã,-23.318611100000002,-46.5866667
223,Santo Antonio de Padua,-21.5389992,-42.179997799999995
224,Ribeirão das Neves,-19.7672898,-44.0875436
225,Carangola,-20.733056,-42.029445
226,Cupira,-8.6053148,-35.95303660000001
227,Armacao de Buzios,37.1002625,-8.35375190242837
228,Arraial do Cabo,-22.966283899999997,-42.024427
229,Cabo Frio,-22.8804369,-42.01892270000001
230,Cascavel,-24.955499600000003,-53.4560544
231,Bezerros,-8.2372132,-35.7558262
232,Mato Verde,-11.613349900000001,-41.62427260000001
233,Dourados,-22.2206145,-54.812208
234,Nossa Senhora das Dores,-10.4927502,-37.1931675
235,Juazeiro,-9.4336959,-40.5068201
236,Poços de Caldas,-21.790833,-46.565556
237,Iguaraci,-7.8352247,-37.5190066
238,São Carlos,-22.0183367,-47.890932
239,Pedreira,-22.741347,-46.894846
240,Arroio do Meio,-29.4020392,-51.9444993
241,Concordia,-27.2314098,-52.0229804
242,Serrita,-7.947695299999999,-39.2957383
243,Abreu e Lima,-7.9007190000000005,-34.898389
244,Seropedica,-22.7438887,-43.699199799999995
245,Congonhas,-20.5015168,-43.8564586
246,Ouro Branco,-9.11450275,-37.3657752424308
247,Agua Branca,-5.8915913,-42.6343579
248,Sao Sebastiao,38.52734715,-8.85704212519293
249,Almirante Tamandare,-25.3133048,-49.2997838
250,Juquitiba,-23.932346,-47.0714217
251,Rio Verde de Mato Grosso,-18.78477075,-54.9739077727071
252,São José dos Pinhais,-25.533816,-49.20721629999999
253,Cruz,27.9010043,-105.05248510437201
254,Sertanopolis,-23.060043399999998,-51.0373544
255,Ibirite,-20.021425100000002,-44.0621506
256,Parintins,-2.6344567000000003,-56.73193240000001
257,Nossa Senhora do Socorro,-10.855311500000001,-37.126486299999996
258,Malacacheta,-17.843055,-42.077778
259,Marataizes,-21.0443673,-40.827220399999995
260,Panama,8.3096067,-81.30662459999998
261,Jandira,-23.5282044,-46.9019554
262,Barretos,-20.5531437,-48.569750899999995
263,Macapá,0.046069900000000004,-51.06932379999999
264,Guaianases,-23.555665,-46.4093288154922
265,Taubate,-23.031448,-45.5612792
266,Sao Jose,37.3361905,-121.89058329999999
267,Rio Largo,44.7787868,7.874019500000001
268,Paraguacu,-21.547222,-45.7375
269,Lavras,-21.242551199999998,-44.9991978
270,Varginha,-21.5565914,-45.434067399999996
271,Ferraz de Vasconcelos,-23.541056,-46.37097
272,Picos,-7.0823544000000025,-41.4685053
273,Santa Cruz das Palmeiras,-21.862,-47.255562111801204
274,Guanambi,-14.223066000000001,-42.779942999999996
275,Capim Grosso,-11.3793228,-40.0112095
276,Montes Claros,-16.7273538,-43.87176760000001
277,Osorio,-29.8890328,-50.2730224
278,Macuco,-21.9849747,-42.2539464
279,Caieiras,-23.3644621,-46.7484765
280,Cachoeiro de Itapemirim,-20.848084,-41.111290000000004
281,Sao Vicente,16.8489552,-24.97238833807361
282,Taruma,-22.7474736,-50.5783374
283,Encruzilhada,-15.532211300000002,-40.9072488
284,Embu,-0.53596265,37.6653019690204
285,Iguatu,-6.361934,-39.29722329999999
286,Uberaba,-19.750833,-47.936665999999995
287,Sabara,-19.890037200000002,-43.8107916
288,Santarém,39.23636370000001,-8.686708099999999
289,Anápolis,-16.3332828,-48.952575599999996
290,Tapirai,-23.9638345,-47.5067136
291,Caraguatatuba,-23.620279999999998,-45.413059999999994
292,Vespasiano,-19.694095800000003,-43.9186521
293,Tres Rios,-22.1167884,-43.2087226
294,Jiquirica,-13.255353,-39.5693044
295,Arraias,-12.9287788,-46.9437231
296,Niquelandia,-14.4648655,-48.4572244
297,Simoes,-7.5970469,-40.817600299999995
298,Itaperuna,-21.2048,-41.888009999999994
299,Dois Irmaos,-29.58356,-51.089776
300,Jardinopolis,-21.025512600000006,-47.7706807
301,Timon,-5.102332499999998,-42.8449518
302,Diadema,-23.681347,-46.62052
303,Jaguaribe,-5.8838496,-38.6246986
304,Podesta,45.8864585,11.5086603
305,Tobias Barreto,-11.188137900000001,-38.003184499999996
306,Massape,-3.5239057999999996,-40.3423107
307,Pinhais,-25.442948899999998,-49.19267
308,Capanema,-25.6704878,-53.808303599999995
309,Alto Parana,-25.5,-54.833332999999996
310,Sao Jose do Inhacora,-27.736085,-54.1316582091605
311,Alagoinhas,-12.133526,-38.420772
312,Santana,18.4538553,-66.6632959188745
313,Paracambi,-22.6109158,-43.7096912
314,Foz do Iguaçu,-25.5401479,-54.5858139
315,Ceilandia,-15.8173391,-48.1045766
316,Cuite,-6.4855072,-36.1478606
317,Itapira,-22.436111,-46.821667
318,Itajaí,-26.911787899999997,-48.6669852
319,Panambi,-28.2898542,-53.501822
320,Governador Valadares,-18.8539497,-41.9458753
321,Tijucas,-27.239403999999997,-48.6353696
322,Amsterdam,52.3745403,4.89797550561798
323,Mariana,-20.3781468,-43.4174862
324,Ivoti,-29.593405699999998,-51.1599403
325,Parnamirim,-5.9153334000000015,-35.26799129999999
326,Eunapolis,-16.372241199999998,-39.575703999999995
327,Matao,-21.602603,-48.36452070000001
328,Aracuai,-16.8484451,-42.0661868
329,Eusebio,-3.8889837999999997,-38.4546585
330,Bauru,-22.321810199999998,-49.070586299999995
331,Cajazeiras,-6.8897849,-38.557038899999995
332,Caicara,-27.2750478,-53.431005299999995
333,Vila Muriqui,-22.920887,-43.947086999999996
334,Santa Cruz Cabralia,-16.281555599999994,-39.0239196
335,Candeias,-12.6693806,-38.54064620000001
336,New York,40.7308619,-73.9871558
337,Frecheirinha,-3.755572,-40.818019
338,Sinop,42.0266698,35.1506765
339,Mantena,-18.7809937,-40.9808279
340,Lins,-21.674187300000003,-49.75189320000001
341,Francisco Morato,-23.281730800000002,-46.744899600000004
342,Porto Belo,-27.154241499999998,-48.5424395
343,Mendes Pimentel,-18.6611641,-41.4020716
344,Guaratingueta,-22.805783899999998,-45.19089260000001
345,Votorantim,-23.5466667,-47.4377778
346,Cianorte,-23.662035999999997,-52.61039889999999
347,Pongai,-21.7379814,-49.358444899999995
348,Mata de Sao Joao,-12.530685,-38.300898
349,Uruguaiana,-29.7655123,-57.0829466
350,Teófilo Otoni,-17.8579267,-41.5081533
351,São José dos Campos,-23.180501100000004,-45.887296899999996
352,Braganca Paulista,-22.9520235,-46.5418586
353,Para de Minas,-19.859963699999998,-44.6075313
354,Petrópolis,-22.519963,-43.192613
355,Colorado,38.7251776,-105.60771670000001
356,Sao Joaquim da Barra,-20.581789899999997,-47.8606374
357,Fremont,37.54826970000001,-121.98857190000001
358,Jaru,-10.431826,-62.47876899999999
359,Manhumirim,-20.3599141,-41.9554606
360,Cachoeirinha,-29.9493353,-51.0898927
361,Araxá,-19.5928536,-46.940241
362,Sumare,-22.8219447,-47.266936
363,Presidente Bernardes,-20.7685467,-43.1877237
364,Tremembe,-22.95714,-45.547526
365,Rodeio,-26.9233304,-49.3685354
366,Ijui,-28.388047999999998,-53.919959999999996
367,Uba,-21.12,-42.942777
368,Grand Rapids,42.96324050000001,-85.66786390000001
369,Rio Bonito,-22.7108378,-42.6271864
370,Turmalina,-20.0530658,-50.47632120000001
371,Pomerode,-26.7356218,-49.1770095
372,Ituporanga,-27.409621899999998,-49.6014812
373,Sao Roque,40.877342,-8.471590699999998
374,Paranavai,-23.08165,-52.461724
375,Atibaia,-23.1177393,-46.5547861
376,Brejo do Cruz,-6.3505644,-37.4943763
377,Araguaína,-7.193241,-48.2018597
378,Itapecerica,-20.472777999999998,-45.125556
379,Salgado,-11.028244500000001,-37.478280299999994
380,São João del Rei,-21.1335755,-44.2588086
381,Franca,46.603353999999996,1.8883334999999999
382,Ibitirama,-20.539374,-41.664695
383,Ipatinga,-19.4777807,-42.5270802
384,Floresta Azul,-14.860223800000002,-39.656138399999996
385,Ouro Preto,-20.385169199999996,-43.503634399999996
386,Aracruz,-19.8245218,-40.2735025
387,Alfenas,-21.4297405,-45.9479419
388,Sao Joao do Caiua,-22.8544849,-52.3371114
389,Taguatinga,-12.402403999999999,-46.4365769
390,Pelotas,-31.769973600000004,-52.341016100000004
391,Embu Guacu,-23.8317997,-46.8156204
392,Porto Franco,-6.34149,-47.396188
393,Piratininga,-22.4136363,-49.1351479
394,Mineiros,-17.565387899999998,-52.5536721
395,Córdoba,37.884977899999996,-4.776013099999999
396,Aguas da Prata,-21.9365,-46.6961333333333
397,Rio Claro,-22.410010800000002,-47.560393299999994
398,Santana de Parnaiba,-23.443889000000002,-46.91777800000001
399,Olinda,-7.9986400999999985,-34.84595520000001
400,Pontal do Parana,-25.574765,-48.36148060000001
401,Ibiquera,-12.648916400000001,-40.932300399999995
402,Jaiba,-15.3373744,-43.6734439
403,São Leopoldo,-29.7544405,-51.1516497
404,Parelhas,-6.691369,-36.6584475
405,Canavieiras,-15.679012799999999,-38.944962200000006
406,Cicero Dantas,-10.5932265,-38.3834411
407,Caruaru,-8.282970200000001,-35.9722852
408,Crato,-7.2369112000000015,-39.4149236
409,Birigui,-21.290849100000006,-50.34144000000001
410,Nova Petropolis,-29.3759836,-51.1123342
411,Alagoa Grande,-7.04575195,-35.5828090926339
412,Lago da Pedra,-4.5627272,-45.1298628
413,Pedro Leopoldo,-19.617778,-44.043054999999995
414,Estancia Velha,-29.65296660000001,-51.1719687
415,Sao Joao,21.673226800000002,112.79542009066401
416,Sao Paulo,-23.5506507,-46.633382399999995
417,Aquiraz,-3.9027184,-38.3889778
418,Caico,-6.4594544,-37.0971911
419,Mogi Guacu,-22.372222,-46.9425
420,Pentecoste,-3.7952282,-39.2713219
421,Teresopolis,-22.4164578,-42.975194
422,Mirassol,-20.8141411,-49.507449
423,Varzea Nova,-11.252793400000002,-40.945656899999996
424,Aguas de Chapeco,-27.074111900000002,-52.987904799999995
425,Santa Cruz do Rio Pardo,-22.88358245,-49.6109217615385
426,Xanxere,-26.874694,-52.403579
427,Colombo,6.921812400000001,79.8655608840961
428,Utinga,-12.0781018,-41.090787
429,Marilac,-18.5075,-42.080278
430,Iepe,-22.660165,-51.077881
431,Santa Gertrudes,-22.47300000000001,-47.5309412925506
432,Miguel Pereira,-22.453941699999998,-43.469197799999996
433,Crucilandia,-20.3985647,-44.3429275
434,Marília,-22.217108,-49.95006
435,Bariri,-22.0746355,-48.739485200000004
436,Pianco,-7.1987413,-37.9255755
437,Candido,1.2507511,-75.601297
438,Dores do Rio Preto,-20.6856469,-41.817603930731295
439,Camaçari,-12.699818800000001,-38.3260762
440,Sao Domingos,15.030237699999995,-23.530823428842
441,Sales Oliveira,-20.8215,-47.84357352941179
442,Biguacu,-27.4961277,-48.6542432
443,Bom Despacho,-19.7375242,-45.251728799999995
444,Paraiba do Sul,-22.1636384,-43.2916915
445,Jacareí,-23.30528,-45.96583
446,Monte Carmelo,-18.7260939,-47.4958859
447,Guaraciaba do Norte,-4.1632924,-40.7495985
448,Panorama,20.2886,-97.6361
449,Pradopolis,-21.3597815,-48.0746603
450,Americo Brasiliense,-21.72396635,-48.03874796875
451,Jaboticabal,-21.252036999999998,-48.325223
452,Carnauba dos Dantas,-6.5528123,-36.554575840266104
453,Sidrolandia,-20.930212,-54.969218999999995
454,Ibirapitanga,-14.161568599999999,-39.369521999999996
455,Coronel Fabriciano,-19.5200067,-42.6282686
456,Capao da Canoa,-29.754293699999998,-50.0215684
457,Hortolândia,-22.85833,-47.22
458,Paulinia,-22.7630391,-47.1532213
459,Porto Nacional,-10.701978599999999,-48.41109520000001
460,Tefé,-3.3485275999999997,-64.7102278
461,Mundo Novo,-23.937887600000003,-54.285948899999994
462,Alagoinha,-8.466337199999998,-36.77488320000001
463,Cambui,-22.6122501,-46.05721370000001
464,Paulista,-7.9340069,-34.868407
465,Sao Luis do Quitunde,-9.243,-35.6422419354839
466,Catu,-12.351274,-38.379108
467,Santa Cruz,50.7504894,20.782912200000002
468,Coronel Ezequiel,-6.359708900000001,-36.206118927065894
469,Tangara,-2.91413965,30.0573360330962
470,Santos Dumont,-21.455867,-43.5522107
471,Ituiutaba,-18.9691887,-49.4639335
472,Vitoria de Santo Antao,-8.1209019,-35.2944858
473,Brasopolis,-22.4742842,-45.6165577
474,Jarinu,-23.094958399999996,-46.7148636
475,Rio do Sul,-27.215959299999998,-49.6436982
476,Floriano,-6.7726534,-43.00706160000001
477,Presidente Epitacio,-21.9845,-52.2318585858586
478,Altamira,43.376844500000004,-4.1197476
479,Antonio Prado,-28.8544878,-51.2803769
480,Resende,-22.46836260000001,-44.4463494
481,Limoeiro do Norte,-5.145560700000001,-38.0984936
482,Valença,-22.24610280000001,-43.6996917
483,Caucaia,-3.7300562999999993,-38.65930820000001
484,Alvorada,-29.9981184,-51.077250899999996
485,Santa Maria da Boa Vista,-8.778454199999999,-39.8727980885698
486,Taquaritinga,-21.407486,-48.5054848
487,Pirapozinho,-22.273874199999998,-51.49988670000001
488,Pereiro,-6.0462690000000014,-38.460419200000004
489,Santa Clara,37.35411320000001,-121.95517439999999
490,Camacari,-12.699818800000001,-38.3260762
491,Ribeirao Branco,-24.217243600000003,-48.764400099999996
492,Codó,-4.455623,-43.892354
493,Maranguape,-3.8922967000000006,-38.683542700000004
494,Buritis,-15.621389,-46.423889
495,Umbauba,-11.382679199999998,-37.656556200000004
496,Jitauna,-14.017019,-39.8889976
497,Matinhos,-25.818734399999997,-48.534281299999996
498,Ipupiara,-11.82207,-42.6111388
499,Balneário Camboriú,-26.992439500000003,-48.6339782
500,Sao Joao dos Patos,-6.4934,-43.703623
501,Indaiatuba,-23.09028,-47.218059999999994
502,Contenda,-25.678811,-49.535044
503,Alegre,-20.7625787,-41.5318886
504,Gouvea,-21.8372602,-46.57722545958821
505,Barbacena,-21.225452399999998,-43.77350870000001
506,Cajamar,-23.3561111,-46.8769444
507,Nilopolis,-22.808011399999998,-43.4138222
508,Cosmopolis,-22.643739800000002,-47.1972086
509,Moreno,-8.108706,-35.08354
510,Alcobaca,39.56304825,-8.96421588223777
511,Patrocinio do Muriae,-21.153333,-42.214444
512,Alta Floresta,-9.8715018,-56.083988100000006
513,Valerio,36.7874463,-4.224681200000001
514,Tucuma,-6.7517239,-51.1507941
515,Crixas,-14.5424536,-49.9694813
516,Sao Francisco de Itabapoana,-21.474336899999997,-41.1118362
517,Sao Francisco,37.779280799999995,-122.4192363
518,Cantagalo,0.2294719,6.6801760277543405
519,Tramandai,-29.9857732,-50.1313662
520,Posse,-14.083585199999998,-46.3563185
521,Lumiar,38.7713305,-9.163768329774573
522,Ariquemes,-9.9076522,-63.033069
523,Boituva,-23.28549030000001,-47.6786902
524,Mogi Mirim,-22.433009,-46.9581629
525,Conceicao da Barra,-18.5841421,-39.7371844
526,Porto Ferreira,-21.846999999999998,-47.46195
527,Cubatao,-23.8857982,-46.4241869
528,Navegantes,-26.88988130000001,-48.6495828
529,Simplicio Mendes,-7.8578604000000025,-41.9091375
530,Torres,-29.3373663,-49.7299648
531,Macarani,-15.5610861,-40.422607799999994
532,Alpinopolis,-20.863611,-46.387777
533,Lucelia,-21.718203,-51.021511
534,Sobral,-3.6879135,-40.34563720000001
535,Lajedo,-8.657914,-36.329336
536,Sao Lourenco do Sul,-31.3660131,-51.9799711
537,Bastos,-21.9200478,-50.7344335
538,Peruibe,-24.3218105,-46.997745200000004
539,Guanhaes,-18.7753627,-42.9340634
540,Sabinopolis,-18.665683899999998,-43.0830439
541,Almenara,-16.174067800000003,-40.6904907
542,Beauharnois,45.313977799999996,-73.875834
543,Caete,-19.897776999999998,-43.670278
544,Chapecó,-27.1011804,-52.61889870000001
545,Caxias,-29.168479600000005,-51.1793861
546,Sao Joao da Barra,-21.634858800000003,-41.0487079
547,Serrolandia,-11.4200011,-40.2974938
548,Paragominas,-2.9956400000000003,-47.354894200000004
549,Lagoa Nova,-6.0948803,-36.47049910000001
550,Capitolio,-20.6142437,-46.0487652
551,Itatiba,-22.996586100000002,-46.8412042
552,Maua,-23.66767,-46.461263
553,Artur Nogueira,-22.5595,-47.1324464285714
554,Solanea,-6.754035099999999,-35.662194299999996
555,Condado,-0.1032661,-78.5045937
556,Boca do Acre,-8.5717733,-68.2743639878733
557,Ilhéus,-14.793045000000001,-39.04602
558,Altinopolis,-21.021364000000002,-47.3712
559,Sangao,-28.6397512,-49.1266106
560,Juramento,-16.845829100000003,-43.58673510000001
561,Paripiranga,-10.6828923,-37.8621523
562,Aracariguama,-23.438610999999998,-47.061389
563,Patos,-7.0258285,-37.27668170000001
564,Caxambu,-20.0721743,-44.475726
565,Videira,-27.005440000000004,-51.1533733
566,Mateus Leme,-19.986666,-44.428056
567,Itirucu,-13.5338389,-40.1502444
568,Maracas,-13.4408898,-40.433052
569,Balsas,-7.532139999999999,-46.037163
570,Camutanga,-7.4092965,-35.2738166
571,Pouso Alegre,-22.234385800000002,-45.9327241
572,Mage,-22.6604221,-43.0426162
573,Pau dos Ferros,-6.1124964,-38.2062628
574,Alegrete,-29.790165999999996,-55.794862
575,Sapiranga,-29.639238199999998,-51.0068586
576,Presidente Medici,-11.24637385,-61.881859876525496
577,Tapes,-30.674772100000002,-51.3986199
578,Pesqueira,-8.357974,-36.697783
579,Belo Jardim,-8.3338293,-36.4176419
580,Rincao,-21.5881095,-48.0724258
581,Itapevi,-23.54888,-46.933889
582,Russas,-4.926727,-37.972086
583,Jaciara,-15.9520115,-54.9762106
584,Erechim,-27.635014299999998,-52.273728799999994
585,Lidice,50.1435834,14.190522400000004
586,Barra do Corda,-5.496823,-45.248496
587,Maracanau,-3.8779437999999993,-38.6247697
588,Nova Lima,-19.9854089,-43.8470691
589,Nova Odessa,-22.78135445,-47.2785626949566
590,Novo Hamburgo,-29.690570500000003,-51.142903499999996
591,Primavera,-2.3370048,-79.4016386
592,Vargem Grande Paulista,-23.6245472,-47.0229536002509
593,Barra Bonita,-22.47657125,-48.557060625
594,Vicosa,-20.7538586,-42.881588799999996
595,Sarzedo,-20.0353,-44.1453
596,Alfredo Chaves,-20.6249704,-40.7500669014799
597,Lagoa Seca,-7.148297,-35.8551719460357
598,Itaqui,-29.131051,-56.551478
599,Cruzeiro,-4.3188405,-38.89140220000001
600,Nova Serrana,-19.875834,-44.984165999999995
601,Ubatuba,-23.433162,-45.083415
602,Igarape,-20.068772600000006,-44.3016306
603,Itapiranga,-27.171997700000002,-53.711873399999995
604,Ipora,-24.003947399999998,-53.7100595
605,Paramirim,-13.443721799999999,-42.241976799999996
606,Granja,-3.1212057,-40.8284124
607,Macaubas,-13.0174846,-42.688222100000004
608,Brumadinho,-20.143611,-44.2
609,Paripueira,-9.463133000000001,-35.551977
610,Paratinga,-12.692459,-43.1805318
611,Parapeuna,-22.102868,-43.828812
612,Caldas Novas,-17.745,-48.625
613,Três Corações,-21.695625,-45.2543675
614,Salto,20.53910005,-103.240377528528
615,Cabo Verde,16.0000552,-24.0083947
616,Tibau do Sul,-6.1872964999999995,-35.0905246
617,Castanhal,-1.2927031,-47.922390299999996
618,São Bento do Sul,-26.2483669,-49.3820672
619,Ponte Serrada,-26.8708566,-52.016408899999995
620,Itarema,-2.9225201000000003,-39.9130437
621,Aperibe,-21.62119280000001,-42.1028167
622,Tupa,48.1089076,18.8914594
623,Osvaldo Cruz,-22.8705266,-43.350194
624,Joao Monlevade,-19.809444,-43.173334000000004
625,Eldorado,30.860159000000003,-100.6008566
626,Medeiros Neto,-17.3714581,-40.2224736
627,Grao Mogol,-21.5781582,-44.6789923
628,Juatuba,-19.954689300000002,-44.3405188
629,Pindai,-14.4911899,-42.6864686
630,Paraty,-23.22211230000001,-44.7174701
631,Monte Mor,-22.95131195,-47.30290603286161
632,Sobradinho,-29.4131826,-53.0256794
633,Queimados,-22.7156978,-43.555754
634,Surubim,-7.8424353,-35.7539722
635,Ipua,-20.4441839,-48.012504
636,Nepomuceno,-21.232242000000006,-45.2347848
637,Agua Boa,-14.052296799999999,-52.1617625
638,Itamarandiba,-17.8575,-42.859722
639,Porteirinha,-15.742088899999999,-43.0286046
640,Bayeux,49.2764624,-0.7024738
641,Los Angeles,34.0536834,-118.24276689999999
642,Sumidouro,-22.0498059,-42.67426010000001
643,Rio das Ostras,-22.5269448,-41.944972
644,Muriaé,-21.130556,-42.366389
645,Lorena,48.71557405,6.14246019610069
646,Bombinhas,-27.1519159,-48.4875691
647,Itabirito,-20.2519724,-43.8029171
648,Marabá,-5.3462821,-49.1007401
649,Simao Dias,-10.7389663,-37.8092502
650,Cataguases,-21.387426,-42.695721899999995
651,Sao Jose do Egito,-7.469447,-37.273974
652,Barao de Cocais,-19.946111,-43.486944
653,Guarapari,-20.6718755,-40.4984617
654,Pederneiras,-22.351086,-48.778113
655,Mari,16.3700359,-2.2900238999999996
656,Mineiros do Tiete,-22.47,-48.43645
657,Santa Cruz do Capibaribe,-7.948019,-36.206092
658,Palo Alto,37.4455862,-122.1619289
659,Rio Grande da Serra,-23.7385,-46.38702941176471
660,Guapimirim,-22.526630800000003,-42.979068700000006
661,Valente,-11.4127335,-39.4627304
662,Dom Pedrito,-30.983755,-54.6746483
663,Pacatuba,-3.9841,-38.618038299999995
664,Minacu,-13.5336413,-48.2184889
665,Itapage,-3.667868,-39.591681
666,Americana,-22.7392463,-47.3306032
667,Itape,-14.8970856,-39.4246637
668,Carinhanha,-14.298523999999999,-43.772349
669,Caratinga,-19.7900887,-42.14053300000001
670,Aguiar,-7.092840400000001,-38.1727215
671,Barbalha,-7.3066368000000015,-39.3013808
672,Munhoz,-22.613056,-46.360556
673,Sao Pedro da Aldeia,-22.8384835,-42.1031604
674,Lagoa Santa,-19.635737600000002,-43.896613200000004
675,Paraiso do Tocantins,-10.1752474,-48.88675900000001
676,Parambu,-6.2123856,-40.6954982
677,Jaraguá do Sul,-26.489743199999996,-49.0778063
678,Mirandopolis,-21.1328313,-51.1029422
679,Pirajui,-21.995787699999997,-49.4549675
680,Guaimbe,-21.909072000000002,-49.89861
681,Lages,-27.8165664,-50.32588300000001
682,Dores do Turvo,-20.975278,-43.188889
683,Ibiuna,-23.6548363,-47.221011600000004
684,Camocim,-2.9009918,-40.84273889999999
685,Cerquilho,-23.1626556,-47.743387799999994
686,Cerro Azul,21.17865905,-97.7561168203829
687,Guiricema,-21.016545699999998,-42.6961825375
688,Alto Bela Vista,-6.5122944,-38.4160888
689,Currais Novos,-6.2626676,-36.5173039
690,Taquara,-29.6465318,-50.7805672
691,Saude,-22.8971835,-43.1841545
692,Macaparana,-7.54122565,-35.4491024779279
693,Olho d'Agua,-7.2530087,-37.7483304684783
694,Soledade,-28.8272467,-52.5109157
695,Moncao,42.078702299999996,-8.4813901
696,Nova Londrina,-22.763362100000002,-52.98759079999999
697,Sertaozinho,-21.1375782,-47.9913741
698,Bela Cruz,-3.0529129,-40.167582
699,Indaial,-26.900011,-49.2370602
700,Collierville,35.042035999999996,-89.66452659999999
701,Sao Jose do Rio Preto,-20.812585100000003,-49.38042120000001
702,Freitas,41.267571200000006,-7.8962740999999985
703,Bom Jesus,-9.0711644,-44.3583926
704,Arapongas,-23.415295999999998,-51.42592
705,Tailandia,14.8971921,100.83273
706,Cruz Alta,-28.645163300000004,-53.6057549
707,Gaspar,-26.930730600000004,-48.9566824
708,Planura,-20.1368583,-48.70668189999999
709,Rio Grande,29.74434,-102.67466999999999
710,Ibitinga,-21.75623,-48.831903000000004
711,Guariba,-21.359379999999998,-48.23158
712,Querencia do Norte,-23.083758,-53.483022
713,Conceicao do Mato Dentro,-19.037222,-43.42527800000001
714,Colatina,-19.5478601,-40.6263701
715,Jequié,-13.8604033,-40.0719627
716,Cruz das Almas,-12.6722649,-39.105366499999995
717,Atalanta,-27.421915999999996,-49.778863
718,Sao Joao Batista,-27.277547,-48.8496101
719,Banabuiu,-5.3046404,-38.919765999999996
720,Uruana,-15.4998907,-49.6870172
721,Sao Miguel dos Campos,-9.7831115,-36.0967804
722,Marituba,-1.3595306,-48.336150399999994
723,Leme,49.838333299999995,3.7647222
724,Iguatemi,-23.673555,-54.563731000000004
725,Caarapo,-22.634926699999998,-54.824090299999995
726,Santo Antonio,-6.3124831,-35.4815907
727,Maracaju,-21.6103956,-55.166407400000004
728,Rio Brilhante,-21.931171399999997,-54.17794179999999
729,Amambai,-23.108272,-55.228488899999995
730,Rondonópolis,-16.4603533,-54.63970989999999
731,Navirai,-23.063041899999998,-54.19811230000001
732,Vinhedo,-23.029518300000003,-46.9756292
733,Vila Pereira,-17.90498075,-40.6646812768696
734,Sao Joao do Paraiso,-15.6526133,-39.47210850795121
735,Cristalina,-16.7676079,-47.613128100000004
736,Santana do Acarau,-3.4596492,-40.20909870000001
737,Mexico City,19.4326009,-99.1333416
738,Lencois Paulista,-22.6029897,-48.8031367
739,Harrisburg,40.26631070000001,-76.8861122
740,Agrestina,-8.4558021,-35.94426629999999
741,Estreito,-6.5583016,-47.4432212
742,Angra dos Reis,-23.006396600000002,-44.316326000000004
743,Cedro,-6.6065382,-39.0599487
744,Alto Rio Novo,-19.03990545,-41.0228451316256
745,Formosa,23.59829785,120.835363138175
746,Irece,-11.303317,-41.853462
747,Rolandia,-23.31199010000001,-51.3674145
748,Pirapora,-17.3493765,-44.950790399999995
749,Barracao,-26.252395,-53.6349576
750,Luziania,-16.2535456,-47.9500276
751,Montezuma,37.34765460000001,-108.62608490000001
752,Tapurah,-12.742385,-56.512037
753,Passos,-20.719162,-46.609450700000004
754,Mortugaba,-15.0232826,-42.36954229999999
755,Seabra,-12.417207099999999,-41.772051
756,Olho d'Agua das Flores,-9.5318374,-37.29390520000001
757,Tiete,-23.1030302,-47.7147937
758,Santana do Ipanema,-9.369989,-37.248018
759,Carmopolis,-10.64835,-36.98493
760,Afonso Claudio,-20.077841,-41.126059999999995
761,Jaú,-22.293585,-48.559193
762,Bertioga,-23.848568,-46.139586
763,Riacho Fundo,-7.694834399999999,-36.8728275
764,Presidente Venceslau,-21.7905,-51.82415384615379
765,Salgueiro,-8.073734,-39.12469
766,Senador Canedo,-16.701323300000002,-49.0914921
767,Guaíba,-30.1097392,-51.315379
768,Cassia,-20.579652499999998,-46.9262786
769,Itubera,-13.7360764,-39.148105799999996
770,Louveira,-23.086389999999998,-46.950559999999996
771,Caceres,39.4745175,-6.3716761
772,Campo Bom,-29.674694,-51.060601
773,Padre Marcos,-7.353889,-40.9073555
774,Santo Antonio de Jesus,-12.968936099999999,-39.260914
775,Novo Recreio,-2.6881472,-57.6802333
776,Urupes,-21.202702600000002,-49.292199600000004
777,Santo Antonio da Platina,-23.295715700000002,-50.077895700000006
778,Ibira,-21.083032,-49.244833
779,Lagoinha,-23.0898337,-45.1903825
780,Marau,-28.449346600000002,-52.2001941
781,Itajuipe,-14.6744381,-39.3759427
782,Joao Camara,-5.5349637000000005,-35.8150811
783,Sao Joao da Boa Vista,-21.9778137,-46.7881722
784,Cruzeta,-6.4113343,-36.787296399999995
785,Carmo do Rio Claro,-20.972223,-46.118611
786,Adamantina,-21.6866517,-51.076297499999995
787,Jerumenha,-7.0880338000000025,-43.507845399999994
788,Santa Ines,-13.289769699999999,-39.8179701
789,Alvares Machado,-22.0652385,-51.4676888978261
790,Parnaiba,-2.9147515,-41.7661953
791,Sao Salvador,13.698993900000001,-89.1914249
792,Silvania,4.43196765,-74.3686920519907
793,Pindamonhangaba,-22.934016500000002,-45.462938
794,Nova Vicosa,-17.8907712,-39.3725471
795,Sao Manuel,-22.697357999999998,-48.5110721
796,Mandaguacu,-23.3485076,-52.09662150000001
797,Alexandria,31.199004,29.894378000000003
798,Sao Raimundo Nonato,-9.0150522,-42.6886909
799,Lajeado,-29.4671522,-51.962404600000006
800,Arapoti,-24.145894100000003,-49.8228117
801,San Francisco,37.76479929999999,-122.46298970000001
802,Rafael Fernandes,-6.1892485,-38.22386470000001
803,Sao Jose do Norte,-32.00079635,-51.9909187343937
804,Laguna,14.1696476,121.33365259999998
805,Caetite,-14.069177599999998,-42.485242799999995
806,Trindade,41.4005802,-7.0712404000000015
807,Pedra Azul,-16.005556,-41.28
808,Dumont,40.9406541,-73.9968051
809,Pompeu,-19.218611,-45.002778
810,Prudente de Morais,-19.4825,-44.155556
811,Mucambo,-3.904328500000001,-40.745442499999996
812,Cachoeira,-12.598603599999999,-38.9670146
813,Wanderley,-12.120898599999999,-43.8905685
814,Santo Antonio da Patrulha,-29.826767999999998,-50.51748900000001
815,Itapemirim,-21.0105534,-40.8351239
816,Itarantim,-15.652091699999998,-40.059906700000006
817,Pedro de Toledo,-24.177087300000004,-47.1636560225
818,Itanhaem,-24.184884699999998,-46.79215720000001
819,Piratini,-31.448451000000002,-53.1039931
820,Caninde,-4.3547946,-39.3108516
821,Bom Jesus da Lapa,-13.250570999999999,-43.410754
822,Horizonte,-4.096461799999998,-38.49655739999999
823,North Las Vegas,36.2008371,-115.11209579999999
824,Nova Cruz,-6.482111,-35.4332326
825,Igarassu,-7.835442299999999,-34.9061125
826,Barra do Jacare,-23.1151788,-50.1813945
827,Mendes,30.956251799999997,31.517088899999997
828,Grajau,-5.815403400000001,-46.1361454
829,Passo Fundo,-28.26161380000001,-52.408904799999995
830,Sorriso,-12.544488699999999,-55.72339720000001
831,Lagarto,-10.9141791,-37.6715308
832,Sao Francisco do Sul,-26.2495087,-48.6308087
833,Custodia,-8.086142599999999,-37.640187299999994
834,Flores,17.16434955,-89.52368858750891
835,Tangua,1.0955415000000002,-77.3931457
836,Conceicao do Rio Verde,-21.881078,-45.0868526
837,Alterosa,-21.249166,-46.143055
838,Quixada,-4.970602099999999,-39.0158403
839,Santa Rita do Passa Quatro,-21.6785,-47.5198208333333
840,Barrolandia,-9.837246,-48.72643460000001
841,Coxim,-18.504915,-54.74502510000001
842,Ponte Nova,-20.4164353,-42.90878
843,Santo Antonio do Grama,-20.314444,-42.608610999999996
844,Rio Piracicaba,-19.495766399999997,-42.5284407
845,Jequeri,-20.453056,-42.666111
846,Vilhena,-12.7368536,-60.14655550000001
847,Bento Gonçalves,-29.1655021,-51.519757299999995
848,Caçador,-26.77567,-51.01200410000001
849,Brejo Santo,-7.4909841,-38.9859152
850,Nova Palma,-29.43185185,-53.460064466393604
851,Nanuque,-17.839111300000006,-40.3537221
852,Bom Jesus do Galho,-19.8286861,-42.31691420000001
853,Esteio,-29.851162699999996,-51.1778852
854,São Mateus,-18.7157663,-39.8492211
855,Ivaipora,-24.243351699999998,-51.6719268
856,Santa Barbara,15.0944971,-88.3723217829678
857,Cherepovets,59.128696,37.916389
858,Buriti Alegre,-18.1377879,-49.0404411
859,Itapagipe,-19.9033884,-49.3666934
860,Gurupi,-11.72794,-49.068046
861,Terra Roxa,-20.774,-48.34446845884111
862,Barro,-17.056869600000002,-64.9912286
863,Canto do Buriti,-8.1112473,-42.944844
864,Redencao do Gurgueia,-9.491046699999998,-44.584725899999995
865,Maputo,-25.966213,32.56745
866,Brejinho,-7.334257000000001,-37.3111600242395
867,Virginia,37.1232245,-78.4927721
868,Santo Estevao,-12.4340621,-39.2556115
869,Flores da Cunha,-29.030129,-51.1833349
870,Sao Jose de Mipibu,-6.0746867,-35.23701840000001
871,Oros,64.6863136,97.7453061
872,Cachoeira Paulista,-26.7927162,-49.5319984
873,Cabedelo,-6.97324,-34.8351609
874,Uniao da Vitoria,-26.22837460000001,-51.0674424
875,Porto Uniao,-26.2415136,-51.08135479999999
876,Baixa Grande,-11.9630941,-40.1657537
877,Itapetinga,-15.2454478,-40.24600529999999
878,Rodelas,-8.8485589,-38.766393900000004
879,Paraopeba,-19.2756738,-44.403324100000006
880,Hidrolandia,-11.26533395,-42.1440797906723
881,Apuarema,-13.8517897,-39.7457126
882,Monteiro,-7.892017900000001,-37.12320510000001
883,Paicandu,-23.4575884,-52.048988
884,Conchal,-22.337512,-47.172927
885,Itacuruba,-8.7283861,-38.6867735
886,Sao Fidelis,-21.648210100000004,-41.7480548
887,Itaitinga,-3.965768,-38.529763
888,Goias,-15.932366199999999,-50.13929279999999
889,Capao Bonito,-29.0499046,-53.300072243108794
890,Sousa,-6.7662029000000015,-38.2319607
891,Teixeira,-7.221036,-37.252477
892,Ouricuri,-7.884432,-40.083322100000004
893,Avare,-23.1045215,-48.92591029999999
894,Marcos Parente,-7.1216428,-43.8892251
895,Nova Itarana,-13.0280762,-40.0678848
896,Pauliceia,-21.3143775,-51.83353029999999
897,Paracatu,-17.217405600000006,-46.870751399999996
898,Senhora de Oliveira,-20.793889,-43.344165999999994
899,Criciúma,-28.6789941,-49.3695627
900,Piraquara,-25.4428095,-49.0597917
901,Morada Nova,-5.1076699,-38.3727852
902,Lagoa dos Gatos,-8.67855195,-35.8607745188332
903,Dores do Indaia,-19.4636451,-45.601659999999995
904,Regente Feijo,-22.198935199999998,-51.299436411111095
905,Taquaritinga do Norte,-7.872156200000001,-36.178802921243296
906,Pitangueiras,-22.8171281,-43.17995420000001
907,Serrinha,-11.66199,-39.0034021
908,Rio Negrinho,-26.1717112,-49.4269557
909,Nova Veneza,-22.8281645,-47.191571254851596
910,Iguaba Grande,-22.838849800000002,-42.22867460000001
911,Trairi,-3.2742763,-39.2651119
912,Chorozinho,-4.3010895,-38.4976923
913,Cachoeira do Sul,-30.0480752,-52.89014690000001
914,Itabaianinha,-11.276014199999999,-37.78666
915,Gramado,-29.3787488,-50.8724941
916,Auriflama,-20.6840418,-50.5554616
917,Queimadas,-7.364040400000001,-35.90166439999999
918,Palmares,-8.684225999999999,-35.589032
919,Pontes e Lacerda,-15.232594699999998,-59.33359220000001
920,Tupaciguara,-18.5932122,-48.699901399999995
921,Itumbiara,-18.4135862,-49.2172596
922,Corumbá,-19.0016365,-57.6534316
923,Pontal,-21.023971399999997,-48.03934570000001
924,Piracanjuba,-17.3020379,-49.0170101
925,Espumoso,-28.7256962,-52.84537510000001
926,Bom Sucesso,40.2667164,-8.7808292
927,Assis,-22.6620892,-50.420623
928,Mutum,-19.817223000000002,-41.438333
929,Sao Caetano,40.3815606,-8.679195
930,Santa Isabel do Para,-1.2784923000000001,-48.1606849567625
931,Mairinque,-23.5401247,-47.1846323
932,Mutuipe,-13.228229800000001,-39.5060149
933,Santa Barbara d'Oeste,-22.755251100000002,-47.4144958
934,Garcias,-20.17370445,-52.4028469136825
935,Salto do Itarare,-23.6038767,-49.626581
936,Castro Alves,-12.7616941,-39.4281088
937,Pontes Gestal,-20.178910000000002,-49.741571215476206
938,Biritiba Mirim,-23.5697765,-46.0407456
939,Timbo,-26.828273699999997,-49.270641
940,Rio Bananal,-16.114575199999994,-42.1725566
941,Jaguariuna,-22.70374,-46.985062
942,Coimbra,40.2109801,-8.429205699999999
943,Aracoiaba,-4.370257700000002,-38.808431299999995
944,Chapadao,-4.1106083,-47.22379829999999
945,Varzelandia,-15.701667,-44.027223
946,Arataca,-15.2617424,-39.4122943
947,Aracoiaba da Serra,-23.54235855,-47.6491647818807
948,Iati,-9.0426669,-36.846680299999996
949,Bacabal,-4.2318132,-44.781166999999996
950,Cajuru,-21.2759978,-47.3046035
951,Euclides da Cunha,-10.5060835,-39.0129875
952,Conselheiro Pena,-19.1720883,-41.471995
953,Sao Goncalo do Amarante,-3.6110555,-38.966324900000004
954,Acegua,-31.8695131,-54.1615593
955,Monte Alto,43.926443,7.6053958
956,Cacoal,-11.4333,-61.4420502
957,Newark,40.735657,-74.1723667
958,Ituacu,-13.815529000000002,-41.2981722
959,Portao,-29.6932554,-51.23318370000001
960,Ribeirao,-8.5066761,-35.37473389999999
961,Piraju,-23.1897822,-49.384049299999994
962,Nisia Floresta,-6.05336825,-35.1714107685548
963,Leopoldina,-21.5314282,-42.640353399999995
964,Imbau,-24.447597000000002,-50.7557188
965,Carmo do Paranaiba,-18.9992327,-46.306915999999994
966,Montanha,-18.1256742,-40.366795
967,Parai,-28.5966772,-51.7851426
968,Sao Jose de Ribamar,-2.5609115,-44.0559509
969,Jaguaquara,-13.529497400000002,-39.9693081
970,São Lourenço,-22.116389,-45.054167
971,Boa Vista,2.8208478,-60.67195820000001
972,Abaetetuba,-1.721828,-48.878842999999996
973,Dallas,32.7762719,-96.7968559
974,Bacabeira,-2.9775747000000004,-44.315594299999994
975,Barauna,-5.0775002,-37.61752
976,Manhuacu,-20.2574434,-42.034076899999995
977,Nazare,-13.0345586,-39.00625150000001
978,Anama,-3.5797356,-61.404999600000004
979,Rodeiro,42.6490377,-7.9481672
980,Ubajara,-3.8534468,-40.91856420000001
981,Mar de Espanha,-21.866945,-43.01
982,Maravilha,-26.762389799999998,-53.1747387
983,Centenario do Sul,-22.821497,-51.5951456
984,Jacarezinho,-23.159115,-49.973889
985,Salinas da Margarida,-12.8733508,-38.7593794
986,Ribeirao Pires,-23.7110754,-46.414406
987,Cerqueira Cesar,-23.081,-49.154989655172386
988,Icaraima,-23.3948345,-53.6162036
989,Tres Pontas,-21.3705706,-45.5121255
990,Valenca,44.9332277,4.8920810999999995
991,Alegres,-18.9700126,-49.182201899999995
992,Caapiranga,-3.3188883999999996,-61.2096404
993,Acarau,-2.887689,-40.118306
994,Aracu,-16.3561579,-49.681526899999994
995,Castilho,-20.869563600000006,-51.4877792
996,Campo Maior,-4.8339574,-42.17397860000001
997,Piripiri,-4.273233900000001,-41.7785173
998,Boa Esperanca,-21.0901253,-45.5660195
999,Sao Goncalo do Sapucai,-21.90562715,-45.6107014410714
1000,Itatiaia,-11.4244205,-39.8859208
1001,Florania,-6.1268685,-36.818323799999995
1002,Pirassununga,-21.9980468,-47.4280861
1003,Guabiraba,-6.23104,-44.3725937
1004,Guarapuava,-25.3950986,-51.4622016
1005,Gilbues,-9.8295491,-45.3389933
1006,Capao do Leao,-31.779271,-52.4589246219927
1007,Toledo,41.678675399999996,-83.51272829999998
1008,Governador Celso Ramos,-27.317161,-48.557608
1009,Guaramirim,-26.468753000000003,-49.002628
1010,Campo Alegre,18.40963675,-66.77988566186279
1011,Fonseca,10.84200945,-72.7820258353363
1012,Lapa,-25.76709,-49.716777
1013,Terra Rica,-22.7264874,-52.6202541
1014,Curiuva,-24.0383013,-50.45548400000001
1015,Cravinhos,-21.340278,-47.729444
1016,Araci,-11.3356065,-38.9573261
1017,Santa Rosa,14.15968985,-90.3215051041745
1018,Santana do Matos,-5.9468972,-36.65025410000001
1019,Guarabira,-6.851386,-35.4916537
1020,Itapora,-22.079914199999997,-54.78742389999999
1021,Sao Jose de Piranhas,-7.1198508,-38.4991347
1022,Tartarugalzinho,1.506,-50.9119997
1023,Ibia,-19.4771843,-46.538695600000004
1024,Esmeraldas,0.8066385,-79.63597111054959
1025,Ilha Solteira,-20.483,-51.327975
1026,Botuvera,-27.200749,-49.068892
1027,Canarana,-11.6870151,-41.7683675
1028,Santa Luzia do Norte,-9.6037,-35.823196
1029,Santo Ângelo,-28.3000481,-54.26699710000001
1030,Quatro Barras,-25.370898699999998,-49.074567200000004
1031,Sete Barras,-24.295,-47.94251315789471
1032,Itapuranga,-15.560588899999999,-49.9489571
1033,Sapeacu,-12.7294438,-39.186226299999994
1034,Porto Feliz,-23.237940899999998,-47.5227622333333
1035,Santo Inacio,-28.53803,-50.158549112434905
1036,Urucuca,-14.5913092,-39.2862094
1037,Jatai,-17.8783829,-51.7204241
1038,Areia,-6.9680243000000015,-35.6994783
1039,Serra Negra,-22.61222,-46.700559999999996
1040,Martins,-6.0892840999999995,-37.9114676
1041,Oeiras do Para,-2.38616,-49.92644832784021
1042,Carlos Barbosa,-29.298087199999998,-51.5004445
1043,Tubarao,-28.471488,-49.014132000000004
1044,Arcoverde,-8.415192,-37.057748
1045,Bom Jardim,-30.5812895,-53.3209391967114
1046,Maracaja,-28.8628566,-49.449388
1047,Carazinho,-28.298163399999996,-52.7942363
1048,Telemaco Borba,-24.3282939,-50.6318021
1049,Lauro de Freitas,-12.89242,-38.3127691
1050,Barreiras,-12.1440031,-44.9967406
1051,Castelo,-20.603447600000006,-41.2033505
1052,Durande,-20.203611,-41.798055
1053,Japeri,-22.6427642,-43.6533831
1054,Tracuateua,-1.0765338,-46.90308220000001
1055,Farroupilha,-29.224859499999997,-51.340510200000004
1056,Umuarama,-23.7617057,-53.30798950000001
1057,Saquarema,-22.9257974,-42.507633
1058,Itaruma,-18.764552899999998,-51.348516
1059,Alto Araguaia,-17.315652800000002,-53.216936499999996
1060,Sao Domingos do Maranhao,-5.579974299999999,-44.3841617
1061,Ilopolis,-28.92825,-52.125816
1062,Erval d'Oeste,-25.686874,-53.03557900000001
1063,Ouro Fino,-22.283056,-46.369167
1064,Nova,45.5893041,9.2004194
1065,Sao Sebastiao do Passe,-12.5177926,-38.4921566
1066,Itambacuri,-18.0391974,-41.6751876
1067,Sao Felipe,-12.8413439,-39.09420479999999
1068,Rio da Conceicao,-11.4277513,-46.92301679999999
1069,Conceição do Araguaia,-8.2696905,-49.2676864
1070,Lake Orion,42.7844752,-83.23966120000001
1071,Cruzeiro do Sul,-7.630795599999999,-72.67038690000003
1072,Catanduva,-21.1331035,-48.97128170000001
1073,Botafogo,-22.94884465,-43.179829096253
1074,Lagoa Vermelha,-28.209437800000003,-51.5270315
1075,Uniao,-4.5892553,-42.8593348
1076,Dhaka,23.7593572,90.3788136
1077,Morro do Chapeu,-11.5500293,-41.157024799999995
1078,Faxinal,-24.001065,-51.32232370000001
1079,Barroquinha,-3.0215478,-41.1340624
1080,Abaete,43.8157529,11.001447800000001
1081,Quirinopolis,-18.4471859,-50.4546981
1082,Trizidela do Vale,-4.5867213,-44.6071472
1083,Montenegro,42.7728491,19.2408586
1084,Tucurui,-3.7740062999999995,-49.670516
1085,Buerarema,-14.9571177,-39.3008035
1086,Barra do Choca,-14.863817300000001,-40.5761637
1087,Tamoios,-22.723288,-42.02985
1088,Antonio Dias,-19.6525,-42.872778000000004
1089,Paraibuna,-23.387213,-45.663942999999996
1090,Siqueira Campos,-23.687481,-49.830416
1091,Martinopolis,-22.146152999999998,-51.170949
1092,Igarape Miri,-1.975326,-48.957453
1093,Coromandel,-18.473889,-47.200278000000004
1094,Taquarivai,-23.9257829,-48.7005328
1095,Touros,-5.1998625,-35.4595051
1096,Deodapolis,-22.276272,-54.168163
1097,Jardim,-21.479941,-56.148902
1098,Aroeiras,-7.546290400000001,-35.7080002
1099,Orobo,-7.74562,-35.6019195
1100,Piranhas,-9.610828,-37.761303999999996
1101,Barrinha,-21.1898849,-48.15506420000001
1102,Votuporanga,-20.425250600000002,-49.97226
1103,Populina,-19.9427771,-50.5372875
1104,Cardoso,-20.080447,-49.913976700000006
1105,Morrinhos,-17.7333689,-49.105908
1106,Jaguaruana,-4.831508,-37.780997
1107,Pedra Preta,-5.5223097,-36.08508982728571
1108,Sao Carlos,-22.0183367,-47.890932
1109,Coronel Vivida,-25.980377100000002,-52.5654277
1110,Formiga,-20.4648425,-45.4266753
1111,Curral de Dentro,-15.933265599999999,-41.8568896
1112,Itatiaiucu,-20.1975724,-44.4224889
1113,Icara,-28.7116553,-49.2971441
1114,Catole do Rocha,-6.340625,-37.746967
1115,Repartimento,-5.1227679,-57.9614059336704
1116,Itatinga,-23.1042417,-48.613487400000004
1117,Pires do Rio,-17.3006277,-48.2793037
1118,Lagoa da Prata,-20.022778,-45.544046200000004
1119,Unai,-16.362876699999994,-46.892413
1120,Patu,-6.100621299999999,-37.638514799999996
1121,Conde,46.8791315,1.9862668999999997
1122,Sao Lourenco da Serra,-23.8570795,-46.932742919747106
1123,Charqueada,-22.50958,-47.775468
1124,Gameleira,-8.579803,-35.384572999999996
1125,Itapema,-27.094720000000002,-48.6137778
1126,Pedras de Fogo,-7.36044425,-35.0621940380952
1127,Andira,-23.049476100000003,-50.2310027
1128,Catalao,-18.1702546,-47.94470820000001
1129,Guarda Mor,-17.7698054,-47.0991762
1130,Gaviao,39.44956775,-7.9130525997889904
1131,Santa Filomena,-9.115720800000002,-45.920105299999996
1132,Aguas Lindas,-1.4106819,-48.3925318
1133,Itajuba,-22.4238234,-45.4524156
1134,Sao Mateus do Sul,-25.866823,-50.382796
1135,Gravatá,-8.1993049,-35.5631137
1136,Mafra,-26.1150943,-49.8035982
1137,Palmitos,-27.0711023,-53.1596594
1138,Guararema,-23.414125600000002,-46.036962700000004
1139,Sanharo,-8.3628776,-36.5573186
1140,Boqueirao,-7.487004,-36.130887
1141,Dom Eliseu,-4.19944255,-47.824503725676784
1143,Guapore,-28.847192800000002,-51.8907881
1144,Divisopolis,-15.721654500000001,-41.0032019
1145,Joao Neiva,-19.756346,-40.3848345
1146,Tiangua,-3.7307332000000004,-41.0004019
1147,Santana da Vargem,-21.249062,-45.50547279999999
1148,Apiuna,-27.0374658,-49.3885037
1149,Sao Sebastiao do Paraiso,-20.9124331,-46.9823296
1150,Guaxupe,-21.3087615,-46.7190609
1151,Santa Vitoria do Palmar,-33.5195569,-53.3692659
1152,Porto Real,-22.4198366,-44.2897974
1153,Astorga,42.455355499999996,-6.0529025
1154,Cernusco sul Naviglio,45.5245578,9.330925
1155,Santa Rita do Sapucai,-22.248696799999998,-45.70645070000001
1156,Bagé,-31.328714299999998,-54.107063399999994
1157,Sao Tomas de Aquino,-20.784444,-47.098055
1158,Ipojuca,-8.3980773,-35.0611068
1159,Sao Jose do Cedro,-26.4555904,-53.495478500000004
1160,Miracema do Tocantins,-9.5617939,-48.3966536
1161,Vargem Alta,-20.6742303,-41.010615
1162,Guabiruba,-27.0864326,-48.978131899999994
1163,Ibirama,-27.0536613,-49.519115299999996
1164,Milha,-5.683502799999999,-39.1972575
1165,Barrocas,-11.5165,-39.099282894736795
1166,Anicuns,-16.4606451,-49.957226500000004
1167,Palmeiras de Goias,-16.810239300000006,-49.923416499999995
1168,Campestre,-8.8481634,-35.5660033
1169,Pinheiral,-22.5129436,-44.001435
1170,Seattle,47.6038321,-122.3300624
1171,Itapipoca,-3.499329,-39.583571
1172,Sao Jose do Jacuipe,-11.4244205,-39.8859208
1173,Amparo,10.8355596,-84.656699579937
1174,Taio,46.320589899999995,11.0668144
1175,Quissama,-22.107205,-41.4723411
1176,Aguas Belas,40.3754826,-7.1668240999999995
1177,Serra Negra do Norte,-6.6627568,-37.401058299999995
1178,Brumado,-14.29507325,-41.659307508576
1179,Pindorama,-10.333333300000001,-53.2
1180,Sao Joao de Iracema,-20.5235,-50.3633125
1181,Bady Bassitt,-20.9325,-49.42440277777778
1182,Santa Lucia,13.8250489,-60.975035999999996
1183,Tombos,-20.910556,-42.026389
1184,Cachoeiras de Macacu,-22.4626861,-42.6534414
1185,Prado,41.9203967,-5.4203949
1186,Itaja,-19.0673379,-51.5495141
1187,Campos,-21.7558619,-41.3326895
1188,Cruzeiro do Oeste,-23.7839582,-53.07094250000001
1189,Sao Bento do Sapucai,-22.680635000000002,-45.68640898213609
1190,Itirapina,-22.25398250000001,-47.8206468
1191,Terenos,-20.4409259,-54.8656049
1192,Vassouras,-22.4040394,-43.663385299999995
1193,Quilombo,-31.5241659,-52.4781861
1194,Pitangui,-19.682223,-44.890555
1195,Iturama,-19.7272733,-50.193488
1196,Alexania,-16.0834049,-48.50778029999999
1197,Mucuri,-18.0787487,-39.547058299999996
1198,Curitibanos,-27.291777399999997,-50.5770241
1199,Claro dos Pocoes,-17.0758235,-44.2117357
1200,Holambra,-22.63320280000001,-47.0545305
1201,Raposa (1),33.647753,-117.599019
1202,Loanda,-22.9320944,-53.13524520000001
1203,Muqui,-20.9560116,-41.35308670000001
1204,Santo Antonio do Monte,-20.086944,-45.290555
1205,Vicencia,-7.650723399999999,-35.311779067930104
1206,Esperanca,-7.018517,-35.852193
1207,Sao Lourenco da Mata,-8.0067234,-35.015503
1208,Pequeri,-21.8369971,-43.1207799
1209,Joselandia,-4.9860047,-44.696953
1210,Ilhabela,-23.77806,-45.358059999999995
1211,Batalha,-9.673380900000002,-37.1265481
1212,Capivari,-22.995144,-47.50715
1213,Tambau,-21.702920000000002,-47.270344
1214,Moju,-1.8899259999999998,-48.766765
1215,Neuquén,-38.36950570000001,-69.832275
1216,Ibotirama,-12.1829519,-43.2181138
1217,Frutal,-20.0220064,-48.9280076
1218,Rio Tinto,41.180716600000004,-8.557569099999998
1219,Proenca-a-Nova,39.71812685,-7.8615663708145
1220,Fernandes,37.6195907,-7.6196652
1221,Borrazopolis,-23.9393362,-51.5850786
1222,Caldeirao Grande,-11.0208483,-40.3041387
1223,Pato Bragado,-24.6270545,-54.22645870000001
1224,Silva Jardim,-28.6455,-52.0262888888889
1225,Jaguariaiva,-24.2589699,-49.7201518
1226,Ichu,-11.749054600000001,-39.1909615
1227,Sao Pedro,40.1292582,-8.85560933456
1228,Raposos,-19.967223,-43.804167
1229,Sao Joao do Piaui,-8.3601426,-42.248764200000004
1230,Laranjal Paulista,-23.050564,-47.837548999999996
1231,Arinos,-15.917223000000002,-46.106111
1232,Sao Jose do Alegre,-22.3306078,-45.5285443
1233,Parisi,48.85881005,2.3200310115503098
1234,Joaçaba,-27.173988899999998,-51.504638799999995
1235,Sao Joaquim,-23.5613712,-46.6385904
1236,Ze Doca,-3.270145,-45.655344
1237,Cristina,38.836958,-6.0984014
1238,Rosario do Sul,-30.2527151,-54.9179382
1239,Ceres,45.31337720000001,7.3896883
1240,Araguatins,-5.6522925000000015,-48.1158973
1241,Barcarena,-1.5107945,-48.6190679
1242,Barra de Sao Miguel,-7.6795281000000015,-36.3056789378502
1243,Buritama,-21.0664017,-50.14480770000001
1244,Chattanooga,35.0456297,-85.3096801
1245,Joaquim Gomes,-9.0755,-35.7864977129788
1246,Santa,45.6039807,9.3005709
1247,Irati,-25.469663,-50.649287
1248,Jersey City,40.7281575,-74.0776417
1249,Potim,-22.837722699999997,-45.2565239
1250,Valentim Gentil,-20.4226107,-50.0861511
1251,Sao Joao do Rio do Peixe,-6.7291053,-38.4478745
1252,Espera Feliz,-20.649419199999997,-41.908069299999994
1253,Guatambu,-27.133313899999997,-52.7852104
1254,Garuva,-26.029490399999997,-48.8545202
1255,Sao Bento do Una,-8.520709199999999,-36.444554600000004
1256,Entre Rios,-31.6252842,-59.353957799999996
1257,Taquari,-29.79433,-51.865346
1258,Mata,40.6164299,-0.27953320000000004
1259,Ibicare,-27.088140999999997,-51.368101
1260,Serra Talhada,-7.986780499999999,-38.2920294
1261,Passagem,-7.1364483,-37.047428499999995
1262,Delmiro Gouveia,-9.385336,-37.998676
1263,Baependi,-21.959162,-44.889924900000004
1264,Reading,51.456659,-0.9696511999999999
1265,Acailandia,-4.951021599999999,-47.495786100000004
1266,Agronomica,-27.2660744,-49.7104753
1267,Canela,-29.3624657,-50.8134204
1268,Montreal,45.4972159,-73.61036419999998
1269,Penha,-26.775418,-48.6465251
1270,Serra Preta,-12.1589615,-39.3320929
1271,Buri,45.773995,-0.421175
1272,Monte Santo de Minas,-21.189722,-46.98
1273,Iuna,-20.3427029,-41.5360386
1274,Brejoes,-13.103375400000001,-39.79098370000001
1275,Saloa,-8.9734418,-36.687608000000004
1276,Bentonville,36.372853799999994,-94.2088172
1277,Saint Paul,43.697972,7.121630400000001
1278,Miami,25.7742658,-80.1936589
1279,Tres Cachoeiras,-29.44911325,-49.9109745035427
1280,Aurelino Leal,-14.3167137,-39.3256107
1281,Conceicao de Macabu,-22.0849986,-41.867994700000004
1282,Cambe,-23.278285699999998,-51.2799829
1283,Fernandopolis,-20.2825647,-50.2500762
1284,Barra Alegre,-19.4229093,-42.6215339338644
1285,Iraucuba,-3.7476035000000003,-39.784240600000004
1286,Piracaia,-23.052545000000002,-46.359374
1287,Promissao,-21.5404913,-49.857470899999996
1288,Mangabeira,-4.1327424,-38.1843285
1289,Xavantina,-27.0713302,-52.34048
1290,Cangucu,-31.398276,-52.6773522
1291,Urucui,-7.239439,-44.557683000000004
1292,Registro,-24.497942000000002,-47.844895
1293,Sao Domingos do Araguaia,-5.681666000000001,-48.7313514039409
1294,Glorinha,-29.8790534,-50.7869437
1295,Xexeu,-8.8036743,-35.624444200000006
1296,Espinosa,18.41088455,-66.3152555943972
1297,Avelar,39.9234255,-8.3571854
1298,Sao Jose da Laje,-8.992,-36.03325
1299,Santa Rita,-7.128464999999999,-34.9846186
1300,Coronel Martins,-26.512471899999998,-52.66817629999999
1301,Nova Era,-4.5871116999999995,-47.381718299999996
1302,Wagner,-12.2818593,-41.1686734
1303,Charqueadas,-29.955012,-51.6249195
1304,Jacobina,-11.1851561,-40.5112434
1305,Eugenopolis,-21.0968165,-42.185098499999995
1306,Haarlem,52.3885317,4.6388048
1307,Morsang-sur-Seine,48.57088020000001,2.4924457
1308,Recarei,41.1536564,-8.4122951
1309,Jardim Alegre,-27.80125195,-51.5838410086211
1310,Riachao do Jacuipe,-11.8071084,-39.381684299999996
1311,Pacaja,-3.8354195,-50.639924799999996
1312,Irupi,-20.33904985,-41.62375705821521
1313,Acu,-0.872345,-47.9466467
1314,Umari,-6.6465102,-38.699515500000004
1315,Jamaica,18.185050699999998,-77.3947693
1316,Dona Ines,-6.6032239,-35.627146
1317,Coronel,-37.0079213,-73.1585127
1318,Florai,-23.3206134,-52.300985600000004
1320,Encantado,-29.23976780000001,-51.8762412
1321,Progresso,-29.24608675,-52.3167201237718
1322,Ribeira do Pombal,-10.837299,-38.538152000000004
1323,Alegria,43.1004352,-2.0983582000000003
1324,Doverlandia,-16.7210996,-52.3138104
1325,San Jose,37.3361905,-121.89058329999999
1326,Mococa,-21.464731,-47.002404999999996
1327,Muritiba,-12.624266,-38.9885844
1328,Sao Felix,-12.6069344,-38.9694453
1329,Itaituba,-4.2625218,-55.9878139
1330,Cocal,-3.4691882000000005,-41.555851000000004
1331,Casa Branca,38.8976998,-77.0365534886228
1332,Argoim,-12.48488595,-39.693060017498
1333,Morro Agudo,-20.727669199999998,-48.052795
1334,Sombrio,-29.107985,-49.632776
1335,Macau,22.1899448,113.53804540000002
1336,Iacu,-12.7672074,-40.2106427
1337,Itaocara,-21.6725236,-42.0798658
1338,Cardoso Moreira,-21.4894916,-41.6152776
1339,Faxinal dos Guedes,-26.8534953,-52.2603607
1340,Palmeira das Missoes,-27.9010519,-53.3135927
1341,Uirauna,-6.521424,-38.412065399999996
1342,Sao Bras do Suacui,-20.625,-43.948889
1343,Imbituba,-28.241827,-48.6643444
1344,Itabaiana,-10.685619699999998,-37.42705170000001
1345,Barro Alto,-11.7618025,-41.909490399999996
1346,Campo Largo,-22.5498612,-62.5104769
1347,Capinzal,-27.3440651,-51.6110403
1348,Muniz Ferreira,-13.0012551,-39.1102126
1349,Xambioa,-6.4084693,-48.533606899999995
1350,Bolivar,10.3966133,-75.4660375666667
1351,Licinio de Almeida,-14.684215,-42.509527
1352,Atalaia,39.4796593,-8.453579800000002
1353,Aparecida,-22.851551999999998,-45.2340924
1354,North Bergen,40.8042674,-74.012084
1355,Senador Amaral,-22.5654695,-46.1776916739495
1356,Itaipulandia,-25.141700699999998,-54.2980691
1357,Toronto,43.653963,-79.38720699999998
1358,Quarai,-30.3752377,-56.450897999999995
1359,Menlo Park,37.453827399999994,-122.18218710000001
1360,Arezzo,43.4640246,11.8604618783394
1361,Turvo,-28.9277445,-49.6792206
1362,Itai,-23.4172598,-49.093578799999996
1363,Igrejinha,-29.569318,-50.791894
1364,Vargem Grande do Sul,-21.832194,-46.891286
1365,Pompeia,-22.1088293,-50.172075299999996
1366,Estrela do Norte,-20.5884216,-41.336760461461296
1367,Quata,-22.247097699999998,-50.7003624
1368,Fartura,-23.3903826,-49.51051470000001
1369,Maxaranguape,-5.5175989,-35.25854010000001
1370,Arroio Grande,-29.7523344,-50.46255470000001
1371,Eduardo,-0.38875185,29.5942033951416
1372,Pontalina,-17.519470300000002,-49.4489262
1373,Butia,-30.125679499999997,-51.9692224
1374,Inhauma,-19.490277,-44.389165999999996
1375,Campos Borges,-28.88425875,-53.0165458847524
1376,Tapejara,-28.069233,-52.0117161
1377,Porecatu,-22.753724,-51.379490000000004
1378,Paranacity,-22.9304971,-52.1523164
1379,Varzea da Canabrava,-13.632420100000001,-41.9518385
1380,Guajara Mirim,-10.7804239,-65.3327825
1381,Araguari,-18.651125600000004,-48.1933764
1382,Avanhandava,-21.4603331,-49.94651560000001
1383,Elk Grove Village,42.00412360000001,-87.9706457
1384,Belo Oriente,-19.223252300000002,-42.4807033
1385,Botucatu,-22.8879628,-48.4410712
1386,Anapu,-3.4668292000000003,-51.2057035
1387,Jaguarari,-10.2596039,-40.1965284
1388,Coracao de Maria,-12.2484345,-38.7499274
1389,London,51.5073219,-0.1276474
1390,Inhumas,-16.3610569,-49.500111
1391,Diamante,39.6777304,15.8211279
1392,Entre Ijuis,-28.361628000000003,-54.2670019
1393,Terra Boa,-11.49964975,-62.4200629706829
1394,Visconde do Rio Branco,-21.01,-42.840833
1395,Duartina,-22.414562,-49.408355
1396,Ipaucu,-23.0552911,-49.6284195
1397,Itambe,-15.2435245,-40.6269506
1398,Alameda,37.6090291,-121.899142
1399,Caririacu,-7.0417053,-39.2835527
1400,Goianesia,-15.3118269,-49.1162001
1401,Colinas do Tocantins,-8.061268799999999,-48.4716768
1402,Garca,-22.212576600000002,-49.6547994
1403,Lavras da Mangabeira,-6.7519554,-38.963401899999994
1404,Barreirinhas,-2.7541271000000003,-42.8259693
1405,Marilandia,-20.37697125,-44.940940405732
1406,Salto Grande,-51.0676516,-73.0065621
1407,Paranapanema,-23.390161,-48.720867999999996
1408,Colinas,-29.3866023,-51.8697911
1409,Dom Cavati,-19.374167,-42.106667
1410,Americo de Campos,-20.292,-49.7756327377447
1411,Mangueirinha,-25.9412009,-52.1740852
1412,Juripiranga,-7.3743307,-35.2396
1413,Horizontina,-27.627931,-54.30902560000001
1414,Santo Antonio do Pinhal,-22.82788110000001,-45.699807437682
1415,Marialva,-23.482098699999998,-51.795788
1416,Chavantes,-23.0406405,-49.707169799999996
1417,Grossos,-4.9843455,-37.1511253
1418,Aurora,41.7571701,-88.31475390000001
1419,Sertania,-8.068467,-37.268392999999996
1420,Jandaia do Sul,-23.600390700000002,-51.645674
1421,Corupa,-26.424640000000004,-49.245968
1422,Anchieta,-13.1535638,-41.7743761
1423,Chicago,41.87556160000001,-87.6244212
1424,Fort Worth,32.753177,-97.3327459
1425,Urania,-20.244491,-50.645086799999994
1426,Nova Resende,-21.1263862,-46.424537
1427,Tres Coroas,-29.513719000000002,-50.773869
1428,Igarapava,-20.041147100000003,-47.747744399999995
1429,Rosario da Limeira,-20.9786,-42.5119
1430,Sao Gotardo,-19.3168844,-46.0476596
1431,Ceara Mirim,-5.6431585,-35.42466229999999
1432,Pombal,-6.7711315,-37.7988646
1433,Buriti Bravo,-5.8391884,-43.8367876
1434,Caicara do Rio do Vento,-5.75690655,-36.011015444075
1435,Poxoreo,-15.635083499999999,-56.15683780000001
1436,Ministro Andreazza,-11.180418099999999,-61.583426674506505
1437,Piuma,-20.8375312,-40.7271589
1438,Vicentina,-22.409801,-54.441506999999994
1439,Baotou,40.660201,109.8303243
1440,Northbrook,42.1299234,-87.8299476
1441,Goiana,-7.560602999999999,-34.995909999999995
1442,Salesopolis,-23.528805,-45.84653
1443,Inubia Paulista,-21.728,-50.9599937965261
1444,Brodosqui,-19.8076764,-43.987764299999995
1445,Monte Santo,37.8518061,15.125536800000004
1446,Contendas,-4.745722,-39.973755
1447,Senhor do Bonfim,-10.4602509,-40.189151
1448,Cambara,-23.042273,-50.075281
1449,Dormentes,-8.441163000000001,-40.766168
1450,Arembepe,-12.7718821,-38.1764423
1451,Barro Branco,-2.9735709999999997,-60.0138042
1452,Tapiratiba,-21.468239999999998,-46.7493221
1453,Moreilandia,-7.6298629,-39.5535521
1454,Nossa Senhora das Gracas,-20.4030673,-41.549413951763796
1455,Barra do Bugres,-15.0683712,-57.1853688
1456,Bocaiuva,-17.1160208,-43.812267799999994
1457,Satiro Dias,-11.6033746,-38.581456
1458,Esperantina,-3.8950962999999996,-42.237059499999994
1459,Irving,32.829518300000004,-96.9442177
1460,Sertaneja,-23.036762699999997,-50.816802
1461,Portel,50.707458100000004,1.5737164
1462,Quartel Geral,-19.2730674,-45.5570007
1463,Santo Antonio de Posse,-22.6125,-46.944234375
1464,Vancouver,49.2608724,-123.11395290000002
1465,Clifton,51.4615884,-2.6202846
1466,Maruim,-10.7372604,-37.0817469
1467,Joanopolis,-22.9298919,-46.27534050000001
1468,Bom Jesus dos Perdoes,-23.135386399999998,-46.4648052
1469,Monte Alegre,-1.9989108,-54.0727694
1470,Coroata,-4.1282283,-44.1360269
1471,Capitao,-29.271829399999998,-51.986971600000004
1472,Olimpia,37.6381951,21.6301481641478
1473,Conceicao do Almeida,-12.7772763,-39.1692214
1474,Nacip Raydan,-18.457563399999998,-42.2496073
1475,Detroit,42.3486635,-83.0567375
1476,Ipira,-27.4147336,-51.7709918
1477,Cayenne,4.937114299999998,-52.325830700000004
1478,Boca da Mata,-9.663,-36.1634
1479,Jeremoabo,-10.0805832,-38.3436844
1480,Piacu,-20.3147782,-41.4091909559655
1481,Okazaki,34.950974,137.260842
1482,Belapur,29.36316025,80.7234362804887
1483,Entre Rios de Minas,-20.670834,-44.065556
1484,Estrela dOeste,-20.248,-50.409936339522496
1485,Neuvy-en-Sullias,47.795484,2.2456837000000003
1486,Bangu,11.642359800000001,4.64906472499114
1487,Barra do Garças,-15.8916033,-52.2615413
1488,Araquari,-26.370332399999995,-48.7210994
1489,Pien,53.1655415,44.78791810000001
1490,Picui,-6.509403599999999,-36.34724050000001
1491,Jardim do Serido,-6.5904300000000005,-36.7736039
1492,Camacan,-15.4166631,-39.4930088
1493,Muniz Freire,-20.4648633,-41.41534220000001
1494,Massaranduba,-7.1812758,-35.73307120000001
1495,Ibiruba,-28.630160999999998,-53.096123999999996
1496,Mendoza,-32.8897294,-68.8442956
1497,Capelinha,-17.693889000000006,-42.518611
1498,Casinhas,-7.744698,-35.72509229999999
1499,Magalhaes,-18.308410000000002,-43.008067
1500,Bonito,41.09772,15.001344
1501,Bebedouro,-20.949077,-48.479083
1502,Ladainha,-17.626507800000006,-41.7385789
1503,Marechal Floriano,-20.4124966,-40.674985799999995
1504,Salto de Pirapora,-23.66,-47.5898076923077
1505,Caruara,-2.76978,-66.81196170000001
1506,Candelaria,-26.0832993,-65.0955734171333
1507,Tapuirama,-19.155168600000003,-47.98891929310351
1508,Capinopolis,-18.682778,-49.569722999999996
1509,Bacaxa,-22.7205818,-42.5225525
1510,Cabreuva,-23.3075542,-47.13243370000001
1511,Nazare Paulista,-23.1811175,-46.39500560000001
1512,Morungaba,-22.88,-46.79167
1513,Santo Domingo,18.4801972,-69.942111
1514,Itamogi,-21.078333999999998,-47.048333
1515,Icarai,-3.6740970999999996,-38.67004779999999
1516,Valenca do Piaui,-6.403013,-41.737497999999995
1517,Santo Anastacio,-21.974662,-51.652662
1518,Raritan,40.5695474,-74.6329363
1519,Ruy Barbosa,-12.2856669,-40.49583610000001
1520,Trombetas,-0.056995500000000004,-56.8907692
1521,Tocantins,-10.8855129,-48.3716912
1522,Potengi,-7.0915205000000014,-40.026824100000006
1523,Cordeiro,-22.0287681,-42.360744200000006
1524,Campo do Meio,-28.333589,-52.0528119828316
1525,Goioere,-24.1852026,-53.0249976
1526,Areia Branca,-4.9506652,-37.1263312
1527,Rio de Contas,-13.580333300000001,-41.8112152
1528,Itariri,-24.290071100000002,-47.176151000000004
1529,Chapada,-28.058782899999997,-53.0657459
1531,Maracai,-22.6120503,-50.667411799999996
1532,Flushing,40.7654301,-73.8174291
1533,Lambari,-21.9754009,-45.3505415
1534,Camamu,-13.943814199999998,-39.1060917
1535,Riachuelo,-27.513692499999998,-58.594699899999995
1536,Frei Miguelinho,-7.9404273000000005,-35.923176886442796
1537,Junqueiropolis,-21.5105888,-51.4348179
1538,Iracemapolis,-22.583234,-47.522963
1539,Sao Joao Evangelista,-18.548023,-42.7652888
1540,Braco do Trombudo,-27.358578,-49.882145
1541,Guaranesia,-21.3024827,-46.79569620000001
1542,Bananeiras,-6.7537682,-35.6338343
1543,Barra Velha,-26.633820299999996,-48.683500099999996
1544,Paraguacu Paulista,-22.4568047,-50.530489275
1545,Bom Jesus do Itabapoana,-21.1341025,-41.680095
1546,Sao Luiz Gonzaga,-28.407454600000005,-54.9609081
1547,Nova Mutum,-13.825501500000001,-56.0849262
1548,Mamonas,-15.047709900000001,-42.9499586
1549,Bandeirantes,-20.351796899999997,-43.36327603484049
1550,Apodi,-5.6631109,-37.796927000000004
1551,Novorizonte,-16.0178,-42.4072
1552,Istanbul,41.0096334,28.9651646
1553,Catanduvas,-21.5631242,-45.4406831
1554,Braganca,41.80711820000001,-6.7589839000000005
1555,Arceburgo,-21.364444,-46.939721999999996
1556,Campos do Jordao,-22.692985500000002,-45.5184917977816
1557,Sao Miguel do Guama,-1.5521311000000002,-47.447217101719
1558,Teodoro Sampaio,-12.3053855,-38.6408979
1559,Serrania,-21.548333,-46.039722
1560,Santa Rosa de Viterbo,5.8746789,-72.9825064
1561,Conceicao da Aparecida,-21.094166,-46.204444
1562,Aguai,-22.0575,-47.052917613636396
1563,Guararapes,-21.253711499999998,-50.64417460000001
1564,Ouro Preto do Oeste,-10.7223354,-62.253341299999995
1565,Cesario Lange,-23.22066875,-47.943335758983096
1566,Carapebus,-22.186996899999997,-41.6633764
1567,Luisburgo,-20.4394,-42.1025
1568,Santa Helena,-15.968686199999999,-5.7129557
1569,Santana do Livramento,-30.8894097,-55.5317694
1570,Guarai,-8.835429,-48.511432
1571,Mantenopolis,-18.8626177,-41.12240120000001
1572,Alvaro de Carvalho,-22.084,-49.74071428571429
1573,Sao Felix do Piaui,-5.9323879999999996,-42.1135317
1574,Triunfo,-29.940797200000002,-51.7191859
1575,Guacui,-20.7726679,-41.6750657
1576,Abrantes,39.44010295,-8.12823640725167
1577,Dracena,-21.484310999999998,-51.535034
1578,Patrimonio Divino,-20.5835656,-41.761314
1579,Coruripe,-10.124996300000001,-36.1760623
1580,Breves,-1.6803599999999999,-50.479085
1581,Vargem Grande,-22.970791100000003,-43.496891399999996
1582,Almeirim,-1.5290377,-52.5788111
1583,Bom Jesus do Norte,-21.1254776,-41.6711646
1584,Bom Jesus do Tocantins,-5.02850095,-48.771225816530105
1585,Itapui,-22.2346755,-48.7189744
1586,Nova Prata,-28.784398,-51.6105402
1587,Aparecida d'Oeste,-20.477999999999998,-50.91925
1588,Marechal Candido Rondon,-24.5570477,-54.05714570000001
1589,Japaratuba,-10.593488800000001,-36.941514
1590,Lucena,37.409133399999995,-4.4860128
1591,Sao Miguel do Tocantins,-5.5549817,-47.5747649
1592,Sao Jose do Rio Pardo,-21.596,-46.8628566625111
1593,Lagoa,-6.1136981,106.91015074750901
1594,Pinheiro Machado,-31.57922,-53.382424300000004
1595,Orlandia,-20.720278,-47.886666999999996
1596,Santa Vitoria,37.91911195,-8.028753685468411
1597,Borborema,-21.621188500000002,-49.074346500000004
1598,Limoeiro,-7.872599,-35.440154
1599,Lagoa d'Anta,-6.394926,-35.594904
1600,Sao Joaquim de Bicas,-20.0489052,-44.2731691
1601,Corbelia,-24.7951117,-53.2961804
1602,Frankfurt am Main,50.1106444,8.682091699999999
1603,Ubata,-14.212001999999998,-39.5245924
1604,Monte Carlo,43.7402961,7.426558999999999
1605,Armazem,-28.262499600000005,-49.019012599999996
1606,Rafard,-23.0142111,-47.52757860000001
1607,Pune,18.5203062,73.8543185
1608,Bofete,-23.101955399999998,-48.261053499999996
1609,Ararica,-29.616832000000002,-50.92912800000001
1610,Bananal,-22.6828195,-44.322109499999996
1611,Cidade,39.46177520000001,-9.1928495
1612,Sao Miguel Arcanjo,-23.933000000000003,-48.0124976076555
1613,Toritama,-8.0083743,-36.058776
1614,Sao Francisco do Gloria,-20.790069,-42.2679636
1615,Virgem da Lapa,-16.8071554,-42.3376458
1616,Piquete,-22.6138451,-45.1777096
1617,Batatais,-20.892867000000006,-47.592149
1618,Sao Jorge do Ivai,-23.4327325,-52.29245529999999
1619,São Borja,-28.657557300000004,-56.000191599999994
1620,Guaira,-24.0851924,-54.2567519
1621,Ocala,29.187198600000002,-82.14009229999998
1622,Morro,-2.6331919999999998,-80.3273764
1623,Palestina,31.649741,35.162071999999995
1624,Claudio,-20.440384899999998,-44.76812879999999
1625,Poco das Trincheiras,-9.285,-37.295826923076895
1626,Joaquim Nabuco,-8.568,-35.55109883720929
1627,Rio Pomba,-21.275,-43.178889
1628,Mandaguari,-23.5224849,-51.6787511
1629,Matelandia,-25.2404183,-53.9835004
1630,Reriutaba,-4.1418352,-40.582435600000004
1631,Sao Francisco do Conde,-12.628108000000001,-38.6811326
1632,Conceicao do Caninde,-7.8774025,-41.596141700000004
1633,Juara,-11.2535587,-57.5080072
1634,Frederico Westphalen,-27.35711,-53.39641170000001
1635,Ubaitaba,-14.3117771,-39.3226605
1636,Ipaba,-19.411389,-42.42
1637,Garibaldi,42.6593049,21.160593
1638,Goianinha,-6.2663538,-35.209244700000006
1639,Pituba,-11.645582699999999,-42.519529872792894
1640,Tamandare,-8.7500009,-35.1045787
1641,Lindolfo,-34.9094932,-56.21285989999999
1642,Alvorada do Sul,-22.780726899999998,-51.2307721
1643,Asunción,-25.295991600000004,-57.6311196
1644,Bannach,-7.350850500000001,-50.4064531
1645,Campo Formoso,-10.51055,-40.320031
1646,Riachao,-15.3106795,-41.01817070000001
1647,Oneşti,46.25165,26.7893824182569
1648,Anguera,-12.150968800000001,-39.245251
1649,Inhapim,-19.550183399999998,-42.120987899999996
1650,Jaboti,-23.7431092,-50.0748781
1651,Pinhalzinho,-22.7824349,-46.5901718
1652,Cunha Pora,-26.8927163,-53.171651600000004
1653,Aluminio,-23.5203479,-47.2575256
1654,Uruacu,-14.5244164,-49.15100220000001
1655,Demerval Lobao,-5.3640643,-42.673992999999996
1656,Mendonca,-21.1838813,-49.579059
1657,Vila Propicio,-15.455843099999996,-48.8855024
1658,San Ramon,37.7799273,-121.9780153
1659,Novo Cruzeiro,-12.060153,-49.024576
1660,Pocao,-8.186709,-36.7023901
1661,Pirangi,-21.0984037,-48.6740537
1662,Carmo da Mata,-20.558334,-44.870377399999995
1663,Espirito Santo do Pinhal,-22.191999999999997,-46.785313725490205
1664,Penapolis,-21.419240600000002,-50.0765588
1665,Hutchinson,38.06084439999999,-97.9297743
1666,Palmeiras,-12.5151234,-41.5746054
1667,Paraipaba,-3.437987,-39.147868
1668,Extremoz,-5.701433,-35.30484000000001
1669,Malhada dos Bois,-10.345077900000001,-36.920665899999996
1670,Mangaratiba,-22.9600193,-44.041109999999996
1671,Guaratuba,-25.880619199999998,-48.5750905
1672,Ibipora,-23.265941,-51.052243
1673,Itueta,-19.3962456,-41.226307500000004
1674,Kenitra,34.25506595,-6.56766575137986
1675,Maia,46.5811811,24.848184200000002
1676,Ouro Verde,-21.4975,-51.7193802083333
1677,Varjota,-4.1958345,-40.4735305
1678,Newington,41.6978777,-72.7237063
1679,Rio Novo,-21.475318899999998,-43.1250813
1680,Itabera,-23.8621345,-49.1398926
1681,Cafelandia,-21.803112,-49.609213000000004
1682,Santa Terezinha,-7.4460603,-37.4415775032975
1683,Sao Joao da Ponte,-15.9283299,-44.007803499999994
1684,Ribeira do Amparo,-11.0412527,-38.4299461
1685,Umirim,-3.6777737999999998,-39.348725
1686,Florinia,-22.9016004,-50.7268005
1687,Sao Jose do Goiabal,-19.925098000000002,-42.7083162
1688,Arroio Trinta,-26.930197600000003,-51.33492800000001
1689,Lagoa Formosa,-9.6263597,-43.126021
1690,Figueiredo,41.47094765,-8.38193761365374
1691,Altos,-5.0393915,-42.461169399999996
1692,Vera Cruz,-12.9608153,-38.6099216
1693,Riachinho,-16.2212448,-45.9997305
1694,Venancio Aires,-29.614306,-52.193159
1695,Montevideo,-34.9059039,-56.1913569
1696,Ubirata,-12.913662,-55.210561
1697,Sao Joao da Mata,-21.930278,-45.928889
1698,Santa Ernestina,-21.45,-48.35912777777778
1699,Caconde,-21.527995,-46.643659
1700,Oriente,18.4130969,-66.03343558104
1701,Venda Nova,-19.8084764,-43.976767267766895
1702,Fairfield,38.2493581,-122.03996629999999
1703,Extrema,-22.8549109,-46.319007899999995
1704,Monsenhor Tabosa,-4.7892224,-40.0630242
1705,Guajeru,-14.5464079,-41.937904700000004
1706,Aracati,-4.558259,-37.767894
1707,Laranjeiras do Sul,-25.4073197,-52.415013200000004
1708,Cidade Gaucha,-23.3816558,-52.9444098
1709,Governador Portela,-22.482394,-43.506325
1710,Atlanta,33.749098700000005,-84.39018490000002
1711,Rio Casca,-20.4583452,-42.66721370000001
1712,Serra Redonda,-7.1873318,-35.6803791
1713,Basel,47.55810770000001,7.5878261
1714,Espigao Alto,-27.61645775,-51.527237626099605
1715,Dois Vizinhos,-25.7464681,-53.0554369
1716,Taguai,-23.4534312,-49.4054454
1717,Brejetuba,-20.1475033,-41.2868561
1718,Calumbi,-7.9389746,-38.151687100000004
1719,Medicilandia,-3.4438388,-52.88892360000001
1720,Baturite,-4.3290203,-38.8821055
1721,Itiuba,-10.6917496,-39.8532886
1722,Santo Amaro da Imperatriz,-27.6852706,-48.7812528
1723,Benevides,-1.3555576999999999,-48.252235
1724,Cajati,-24.727237600000002,-48.107791399999996
1725,São Miguel do Oeste,-26.7278977,-53.517668900000004
1726,Itanhandu,-22.2957913,-44.9366732
1727,Eloi Mendes,-21.609406200000002,-45.5653995
1728,Luiziania,-21.6764752,-50.3278714
1729,Dom Pedro,-3.4583652000000003,-46.09968410000001
1730,Crateus,-5.178245099999999,-40.6696545
1731,Jaci,-20.8844434,-49.5710544
1732,Araras,-22.3569477,-47.383888899999995
1733,Domingos Martins,-20.364648300000002,-40.658579700000004
1734,Jaguare,-18.902924399999996,-40.0712037
1735,Rio Novo do Sul,-20.82961355,-40.9047041659824
1736,Catigua,-21.049148499999998,-49.05789229999999
1737,Cruz Machado,-26.018462600000003,-51.35031710000001
1738,Tabuleiro,-21.3585,-43.262183035714294
1739,Agua Doce,-14.705137400000002,-39.8915064576923
1740,Campo Novo,-27.679214299999998,-53.8051654
1741,Jose Boiteux,-26.962071999999996,-49.626250899999995
1742,Pimenta Bueno,-11.6767868,-61.1863902
1743,Girau do Ponciano,-9.7935,-36.8323480392157
1744,Prata,39.8310958,-8.2509517
1745,Rolling Meadows,42.0841936,-88.0131275
1746,Melrose Park,41.900586499999996,-87.8567277
1748,Moline,41.5067003,-90.5151342
1749,Padre Bernardo,-15.167641099999999,-48.2840561
1750,Santo Antonio dos Lopes,-4.866134,-44.365278
1751,Sao Joao do Oriente,-19.3408518,-42.1550657
1752,Piranga,-20.685,-43.3
1753,Buriti dos Lopes,-3.1776723,-41.87074439999999
1754,Ipiranga,-23.58927255,-46.606162066676504
1755,Jaboticatubas,-19.521667,-43.745277
1756,Nazario,-16.580768900000002,-49.881671000000004
1757,Campo Ere,-26.394743199999997,-53.079049499999996
1758,Caldas,5.3302514,-75.28734709999998
1759,Guara,-20.429049600000006,-47.8250067
1760,Ibiapina,-3.9228792,-40.8890296
1761,Sao Joao do Manteninha,-18.722929500000006,-41.1615277
1762,Porto Murtinho,-21.698078,-57.883586
1763,Aiuaba,-6.5710836,-40.1212278
1764,Santa Juliana,-5.6660072,-47.8448821
1765,Itapolis,-21.5958368,-48.8122696
1766,Brasilia de Minas,-16.2075114,-44.430559
1767,Santa Quiteria,-4.3336553,-40.1544913
1768,Costa Rica,10.2735633,-84.0739102
1769,Jaragua,-15.752947899999999,-49.334428100000004
1770,Milagres,-12.864635,-39.861092
1771,Nova Alianca,-21.013,-49.4987
1772,Sao Jose do Rio Claro,-13.4467103,-56.721436499999996
1773,Quixeramobim,-5.1983553,-39.2955573
1774,Sitio Sebastiao Lopes Dias,-22.562381600000002,-45.561106099999996
1775,Cameta,-2.2429490000000003,-49.497885
1776,Lajes,-5.7014079,-36.246219
1777,Fernando Pedroza,-5.7751867999999975,-36.36457048776671
1778,Bonito de Santa Fe,-7.314333199999999,-38.514667700000004
1779,Nova Europa,-21.7775,-48.55312501450911
1780,Guamare,-5.1075294,-36.319663500000004
1781,Malhada,-14.337919099999999,-43.7716651
1782,Timbauba,-7.5118822,-35.316076
1783,Garopaba,-28.027479800000002,-48.62401970000001
1784,Matias Olimpio,-3.7150635999999997,-42.5547925
1785,Nova Ponte,-19.1692213,-47.67176420000001
1786,Porto da Folha,-9.9152762,-37.2791369
1787,Conceicao,-7.556505900000001,-38.5053706
1788,Pinhal Grande,-29.3472446,-53.33430229999999
1789,Jacuizinho,-29.0342213,-53.053495700000006
1790,Lomas de Zamora,-34.7573682,-58.4020375
1791,Lanus,43.1127203,-0.3391002
1792,Coracao de Jesus,-1.0189567,-48.0960433
1793,Canapolis,-18.7228793,-49.2016329
1794,Sao Mateus do Maranhao,-4.0289169000000005,-44.4667342
1795,Cabralia Paulista,-22.4815,-49.3540725806452
1796,Riozinho,-29.6404582,-50.4596262
1797,Cedar Rapids,41.9758872,-91.6704053
1798,Sao Miguel do Araguaia,-13.272644199999998,-50.1627219
1799,Cha Grande,-8.238546000000001,-35.4768105022287
1800,Cunha,-23.07753,-44.956743599999996
1801,Campo Belo do Sul,-27.898756300000002,-50.75868870000001
1802,Miguel Calmon,-11.4309436,-40.597650099999996
1803,Adolfo,-21.2356597,-49.644191799999994
1804,Pastos Bons,-6.601399900000001,-44.087812400000004
1805,Ibiracu,-19.8309496,-40.3686594
1806,Mariluz,-29.9269053,-50.101650899999996
1807,Igaracu do Tiete,-22.541999999999998,-48.565108187134506
1808,Nova Esperanca,-16.55504565,-43.963926073863796
1809,Oliveira dos Brejinhos,-12.319330800000001,-42.8914271
1810,Rio Verde,-17.7921255,-50.9191219
1811,Ramos Mejia,-34.6482211,-58.5635765
1812,Campanha,-21.8361108,-45.401986
1813,Nazare da Mata,-7.74114345,-35.232813882758606
1814,Placido de Castro,-10.3239154,-67.1824196
1815,Iguatama,-20.174445000000002,-45.711110999999995
1816,Senhora da Gloria,-18.453669,-44.175626
1817,Juina,-11.4230908,-58.757021200000004
1818,Tres de Maio,-27.7799415,-54.23566260000001
1819,Jucurutu,-6.0343518,-37.0186249
1820,Barao de Juparana,-22.340653200000002,-43.6833441
1821,Irara,-12.042027099999999,-38.7635638
1822,Rolante,-29.652794500000002,-50.5769391
1823,Clementina,-21.5915,-50.4776630434783
1824,Engenheiro Beltrao,-23.799600299999998,-52.2592684
1825,Aracatiacu,-3.8771811,-40.0232903
1826,Pitanga,-24.759586,-51.76375820000001
1827,Somerset,51.083333,-3.0
1828,Sao Jose dos Salgados,-20.1034031,-44.77955715687629
1829,Carolina,6.7501786999999975,-75.32292292773509
1830,Macedonia,41.617121399999995,21.7168387
1831,Areial,-7.050130599999999,-35.9245244
1832,Ipanema,-19.7999954,-41.713880700000004
1833,Rio Formoso,-21.397688100000003,-43.3066278
1834,Rio das Pedras,-18.425333399999996,-43.4884927
1835,Mongagua,-24.0959454,-46.623436100000006
1836,Sao Jose de Uba,-21.3595365,-41.9389905
1837,Santiago do Cacem,37.9718986,-8.68752765379749
1838,Agudos,-22.471162,-48.987821999999994
1839,Parobe,-29.624257,-50.831179999999996
1840,Campos Novos,-27.396290399999998,-51.2224397
1841,Araguaia,-20.4491767,-40.873941415771796
1842,Remigio,-6.93826475,-35.8482025331391
1843,Barra Longa,-20.283159100000002,-43.0422041
1844,Sirinhaem,-8.592296300000001,-35.1151914
1845,Itacaja,-8.392935000000001,-47.772615
1846,Aves,41.3682864,-8.4060337
1847,Poco Verde,-10.7192826,-38.172176799999995
1848,Cruzilia,-21.838333,-44.808056
1849,Pains,-20.372163,-45.66161870000001
1850,Montividiu,-17.443933899999998,-51.172815
1851,Pirapora do Bom Jesus,-23.377541600000004,-46.9775303916667
1852,Terra de Areia,-29.578945500000003,-50.063359999999996
1853,Planalto,-14.6689214,-40.481006
1854,Iretama,-24.4212538,-52.102353799999996
1855,Marilena,-22.735833300000003,-53.04
1856,Plainfield,41.623191,-88.22843257890409
1857,Senador Pompeu,-5.5874386,-39.3730901
1858,Resplendor,-19.3254413,-41.255462200000004
1859,Inconfidentes,-22.3168866,-46.327918200000006
1860,Aratiba,-27.3955734,-52.3024325
1861,Graca,-4.0453849,-40.7527195
1862,Barbosa,6.43848325,-75.3391258982849
1863,Brasnorte,-12.1227151,-58.005010899999995
1864,Galileia,-19.0008674,-41.5383935
1865,Las Vegas,36.1662859,-115.149225
1866,Cambuci,-21.5749919,-41.9107833
1867,Inhapi,-9.222095,-37.7480654
1868,Paranhos,-23.8927851,-55.4287213
1869,Nossa Senhora de Lourdes,-10.0781524,-37.05689
1870,Abadiania,-16.1947225,-48.7068117
1871,Getulio Vargas,-32.6795821,-53.5494295
1872,Muzambinho,-21.3727087,-46.51927
1873,Centro,47.5490251,1.7324061999999998
1874,Palmeira,-25.4269718,-49.9987787
1875,Heliodora,-22.0675,-45.542221999999995
1876,Santa Maria da Vitoria,-13.390147699999998,-44.2013167
1877,Nova Modica,-18.4389859,-41.4973651
1878,Acajutiba,-11.6608057,-38.0189412
1879,Lajinha,-20.1520595,-41.6240623
1880,Girua,-28.0276856,-54.3518549
1881,Wrexham,53.046506799999996,-2.9938137000000005
1882,Antonina,-25.4298854,-48.71254310000001
1883,Santa Teresa,-22.921399100000002,-43.1882138
1884,Major Isidoro,-9.5326559,-36.9862043
1885,Isidro Casanova,-34.704787599999996,-58.586160899999996
1886,Itapiuna,-4.5654191,-38.9211537
1887,Alianca,-7.60398,-35.222696
1888,Casimiro de Abreu,-22.4809932,-42.2039976
1889,Miguelopolis,-20.179612,-48.030997
1890,Itapaci,-14.952234900000002,-49.5511221
1891,Santa Rita de Caldas,-22.028889000000003,-46.336944
1892,Palmeira d'Oeste,-20.4,-50.766526470588204
1893,Jose Bonifacio,-23.564091,-46.434766582998
1894,Travessao,-7.2486717999999986,-37.1336133
1895,Cacapava do Sul,-30.511328600000002,-53.49167610000001
1896,Grupiara,-18.492777,-47.7225
1897,Vila Real,39.9370604,-0.10068250000000001
1898,Itaperucu,-25.219260000000002,-49.345427
1899,Paris,48.85881005,2.3200310115503098
1900,Miracema,-21.412365100000002,-42.19651470000001
1901,Monte Belo,-27.6086488,-53.9882969239399
1902,Rosario,-32.959500399999996,-60.66154150000001
1903,Pojuca,-12.423135,-38.325970700000006
1904,Jaguari,-29.498143,-54.6931868
1905,Rio da Prata,38.4708191,-9.1877031
1906,Zdunska Wola,51.602861499999996,18.9333201
1907,Mamanguape,-6.833697999999999,-35.121316
1908,Peixe,-12.0390993,-48.5392455
1909,Aragoiania,-16.914638800000002,-49.4499148
1910,Bocaiuva do Sul,-25.206591,-49.114131
1911,Tenente Ananias,-6.4641549000000005,-38.1791844
1912,Carajas,-4.5658733,-50.2776717
1913,Boquim,-11.1450175,-37.62042279999999
1914,Passa Tempo,-20.650555999999998,-44.49583300000001
1915,Schroeder,28.8155439,-97.2244347
1916,Pacaembu,-21.562661,-51.265366
1917,Guarus,-21.718068,-41.3232559
1918,Johannesburg,-26.205,28.049721999999996
1919,Rio Acima,-20.0875,-43.789165999999994
1920,Sao Sebastiao do Cai,-29.5911777,-51.37787720000001
1921,Chopinzinho,-25.8566167,-52.52941070000001
1922,Getulina,-21.7996435,-49.9287105
1923,Dois Corregos,-22.4425,-48.333375
1924,Anajatuba,-3.26441,-44.6179916
1925,Caiabu,-22.0143038,-51.2356597
1926,Jaua,-15.895927800000004,37.8302331
1927,Picarras,-26.763888899999998,-48.6716667
1928,Ivai,-25.0069795,-50.8568896
1929,Marlieria,-19.711867,-42.7343059
1930,Corrego do Bom Jesus,-22.626157,-45.990998876098004
1931,Dearborn,42.3222599,-83.1763145
1932,Maira,39.717518,15.8493274
1933,Jaguaruna,-28.6237365,-49.0288664
1934,Cornelio Procopio,-23.1825218,-50.6499263
1935,Arroio do Silva,-30.7142155,-52.3461374
1936,Murgeni,46.2035169,28.0238773
1937,Jaguapita,-23.1102516,-51.53277410000001
1938,Indianopolis,-19.039588600000002,-47.917564
0,Aldeia Amanajas Tauai,-4.526841,-47.360329
1,Posto Fiscal Rolim de Moura,-13.068335,-62.293185
2,Sacramento,19.8656,-47.4402
3,Delta,-19.972,-47.7758
4,Matoes dos Caboclos,-5.520096,-43.204281
5,Hopkins,44.925963,-93.403434
