city,city_lat,city_long
Camaragibe,-8.021383199999999,-34.9810768
Rio de Janeiro,-22.911013699999998,-43.2093727
Ribeirão Preto,-21.178333,-47.806667100000006
Unknown,25.0387049,-77.29415364483259
Porto Alegre,-30.0324999,-51.23037670000001
Santa Cruz do Sul,-29.7141799,-52.4284533
Santo André,-23.6573395,-46.532250399999995
Dias davila,-12.6107233,-38.3028518
Arcos,-20.282223000000002,-45.539444
Coqueiral,-21.185022399999998,-45.4390315
Arujá,-23.396476,-46.319983
João Pessoa,-7.1215981,-34.882028000000005
Itaguai,-22.862959699999998,-43.775321999999996
Sao Gabriel,-30.334214000000003,-54.322714899999994
Cariacica,-20.263202,-40.416548999999996
Nova Venecia,-18.7063456,-40.396978600000004
Barra de Sao Francisco,-18.7570902,-40.8916119
Aldeia Amanajas Tauai,,
Santo Agostinho,-8.29626095,-34.984813331213395
Londrina,-23.3112878,-51.1595023
Maringá,-23.425269,-51.9382078
Campina Grande,-7.2246743,-35.8771292
Itapetininga,-23.588607,-48.048326
São Paulo,-23.5506507,-46.633382399999995
São Luís,-2.5319224,-44.2933276
Goiânia,-16.680882,-49.2532691
Duque de Caxias,-22.7896225,-43.309929
Nova Iguaçu,-22.7592175,-43.45087279999999
Salvador,13.800038199999998,-88.9140683
Várzea Grande,-15.645816,-56.132218
Fazenda Rio Grande,-25.6466077,-49.310314899999995
Campina Grande do Sul,-25.3046032,-49.0545355
Itapeva,-23.9849105,-48.8803886
Mountain View,37.3893889,-122.0832101
Juazeiro do Norte,-7.215345299999999,-39.3153336
Itapecerica da Serra,-23.7176303,-46.8492435
Macaé,-22.371295800000002,-41.786692200000005
Santo Amaro,-12.5489148,-38.7528771409091
Limeira,-22.5615068,-47.401765999999995
Itaquaquecetuba,-23.4754492,-46.3514033
Marco,41.170802,-8.15446894308123
Campo Grande,-20.464017300000002,-54.616294700000005
Monte Azul Paulista,-20.91454895,-48.650762353824604
Tatuí,-23.351473300000002,-47.8552438
Bela Vista de Goias,-16.969294899999998,-48.9513071
Sape,-7.093591,-35.227975
Goianira,-16.5001973,-49.42547879999999
Carpina,-7.8459151,-35.2538861
Buenos Aires,-34.607561600000004,-58.437076
Osasco,-23.5324859,-46.7916801
Santos,-23.960832999999997,-46.333889
Brasília,-10.333333300000001,-53.2
Carapicuiba,-23.5234673,-46.840680799999994
Curitiba,-25.4295963,-49.2712724
Suzano,-23.5427842,-46.3108391
Manaus,-3.1316333,-59.9825041
Junqueiro,-9.9201549,-36.474737
Pato Branco,-26.2295984,-52.67124739999999
Francisco Beltrao,-26.0790979,-53.0533527
Belém,31.704520600000002,35.2037665
Sao Cristovao,-11.0136465,-37.2071134
Araraquara,-21.7886713,-48.1773096
Monte Alegre de Sergipe,-10.0281128,-37.5622724
Campo Magro,-25.3691533,-49.4496921
Joinville,-26.3044898,-48.8486726
Lapao,-11.3827148,-41.833808000000005
Natal,-5.805398,-35.208090500000004
Cuiabá,-15.598668599999998,-56.099130099999996
Diamantina,-18.244086199999998,-43.6006487
Guarulhos,-23.443060199999998,-46.524459
São Bernardo do Campo,-23.6901021,-46.5629624
Barra do Ribeiro,-30.293020600000002,-51.301437
Moscow,55.7507178,37.6176606
Itabira,-19.6186264,-43.2267011
Campo Mourao,-24.046329,-52.37802
Nova Friburgo,-22.2800004,-42.5325303
Serra,39.6854445,-0.4284905
Vitória,-20.3200917,-40.3376682
Descalvado,-21.9090404,-47.620324100000005
Recife,-8.064193099999999,-34.878151700000004
Vila Velha,-20.3297293,-40.2920284
Linhares,-19.381694399999997,-40.0612213
Sao Goncalo,-22.821901399999998,-43.030925200000006
Niterói,-22.883237100000002,-43.1154552
Belo Horizonte,-19.9227318,-43.9450948
Victoria,-36.5986096,144.6780052
Sao Joao Nepomuceno,-21.535915799999998,-43.01514279999999
Pilar,11.5092408,123.01432055003299
Valinhos,-22.97056,-46.99583
Ararangua,-28.934883199999998,-49.4858389
Viana,42.515472499999994,-2.3713437
Porto Velho,-8.7494525,-63.87354379999999
Rio Branco,-9.9765362,-67.82207779999999
Sao Joao de Meriti,-22.804374399999997,-43.3724125
Socorro,34.0572769,-106.8930169
Fortaleza,-3.7304512,-38.5217989
Redencao,-8.025294,-50.031687
Itu,-23.2638828,-47.298891999999995
Santa Isabel,9.4773508,-79.23905182856409
Guaruja,-23.9927768,-46.255833200000005
Marica,-22.9196772,-42.8184375
Piracuruca,-3.9304803999999995,-41.7150099
Porto Seguro,-16.443473,-39.064251
Mogi das Cruzes,-23.5234284,-46.1926671
Itacarambi,-15.1,-44.092222
Apucarana,-23.5525327,-51.461076399999996
Sarandi,-27.941999999999997,-52.923085
Ariranha,-21.187160000000002,-48.790418
Paulo Afonso,-9.399100599999999,-38.226711
Taboao da Serra,-23.612191199999998,-46.7790539
Santa Luzia,13.8250489,-60.975035999999996
Itaberaba,-12.524182000000001,-40.305896999999995
Gravataí,-29.9440222,-50.9930938
Conceicao do Coite,-11.5629384,-39.2839543
Andradas,-22.0680484,-46.5688976
The Bronx,40.85048545,-73.84040355802091
Ponta Grossa,-25.0891685,-50.160181200000004
Timoteo,-19.577139499999998,-42.6436108
Betim,-19.968056,-44.198333
Barra do Piraí,-22.470340300000004,-43.8263256
Estancia,-11.2682255,-37.4378341
Uberlândia,-18.918804100000003,-48.2767837
Jundiaí,-23.1882258,-46.8838097
Aracaju,-10.9162061,-37.0774655
Nossa Senhora da Gloria,-10.2188811,-37.4199759
Florianópolis,-27.5973002,-48.5496098
Jaboatao dos Guararapes,-8.175247599999999,-34.9468716
Varzea Paulista,-23.2113889,-46.8283333
Gandu,-13.744813800000001,-39.484473200000004
Itauna,-20.075556,-44.576389
Guaporema,-23.340218,-52.778605000000006
Pacajus,-4.171073000000001,-38.464988
Palmas,-10.183560400000001,-48.333779299999996
Viamão,-30.081933799999998,-51.0261927
Sapucaia,-21.9946569,-42.9137975
Sao Goncalo do Para,-19.982778,-44.859167
Ituverava,-20.3366604,-47.7797924
Araçatuba,-21.207992,-50.4390225
Caxias do Sul,-29.168479600000005,-51.1793861
Santa Maria,-29.686051199999998,-53.8069214
Belford Roxo,-22.766728399999998,-43.403360299999996
Posto Fiscal Rolim de Moura,,
Petrolina,-9.3817334,-40.4968875
Janauba,-1.6345,-45.4729583
Januaria,-15.4875,-44.361111
Teresina,-5.0896403,-42.809588
Feira de Santana,-12.2578934,-38.9598047
Guapiacu,-20.79663,-49.2253917
Araripina,-7.576858199999999,-40.503850899999996
Penedo,-10.287422,-36.581905
Juiz de Fora,-21.7609533,-43.3501129
Contagem,-19.913274899999998,-44.0840953
Volta Redonda,-22.5225497,-44.1040128
Campinas,-22.90556,-47.060829999999996
Nova Soure,-11.240933199999999,-38.4774123
Sorocaba,-23.501667,-47.458056
Mossoro,-5.1904332,-37.3443872
Canoas,-29.921604499999997,-51.1799525
Escada,-8.3594071,-35.223268299999994
Taperoa,-13.537334,-39.0986475
Jardim (2),-16.0150694,-47.3805112
Poa,-30.0324999,-51.23037670000001
Afogados da Ingazeira,-7.750429,-37.6356375
Piritiba,-11.7320314,-40.5561536
Itamaraju,-17.0363103,-39.527994
Paraiso,18.362305499999998,-93.1883586891972
Barueri,-23.511218399999997,-46.8764612
Palmeira dos Indios,-9.411287699999999,-36.6293905
Amorinopolis,-16.621130800000003,-51.094992100000006
Campo Verde,-24.1647866,-65.2919079
Araruama,-22.8733203,-42.34288970000001
Presidente Prudente,-22.1225167,-51.3882528
Denver,39.739142799999996,-104.984696
Itupiranga,-5.1337224,-49.33219879999999
Matozinhos,-19.5576547,-44.0816035
Oeste,39.3315979,-9.17863928610299
Blumenau,-26.919556699999998,-49.065802500000004
Brusque,-27.0964628,-48.913632299999996
Bom Jardim de Minas,-21.947646600000002,-44.1906033
Patos de Minas,-18.604145300000003,-46.5096698
Cotia,-23.603889000000002,-46.918889
Maceió,-9.647684300000002,-35.733926399999994
Curvelo,-18.7571926,-44.4305993
São Caetano do Sul,-23.6195923,-46.5688323
Patrocinio,-18.9408294,-46.9926624
Itupeva,-23.1531055,-47.0580347
Imperatriz,-5.5269279000000004,-47.478115
Vitória da Conquista,-14.856748699999999,-40.8414804
Paranaguá,-25.512190399999998,-48.5251854
Borda da Mata,-22.274167000000002,-46.165278
Barra Mansa,-22.539484299999998,-44.1735129
Independencia,16.21357175,-91.9054476251586
Macaiba,-5.8561372,-35.352377399999995
Conselheiro Lafaiete,-20.659610699999998,-43.785743
Franco da Rocha,-23.3328038,-46.724446
Divinópolis,-20.1434559,-44.89125
Santo Antonio do Amparo,-20.941338899999998,-44.9187397
Ipiau,-14.131821100000002,-39.737317700000006
Cacapava,-23.099204,-45.707645
Palhoca,-27.6458891,-48.669286
Araucária,-25.5861107,-49.4051209
Brasilandia,-21.254428,-52.036519
Arapiraca,-9.754866,-36.661471
Guaribas,-9.3957375,-43.687796500000005
Tucano,-10.963517,-38.785957
Valparaiso,-33.0458456,-71.6196749
Porto,41.1494512,-8.6107884
Campos dos Goytacazes,-21.7558619,-41.3326895
Ananindeua,-1.3740350000000001,-48.4016623
Garanhuns,-8.890588900000001,-36.4930896
Itaborai,-22.749623100000004,-42.855742799999994
Ourinhos,-22.977791800000002,-49.868204
Piracicaba,-22.725279999999998,-47.64917
Três Lagoas,-20.7866799,-51.706124700000004
Andradina,-20.894761,-51.378568
Sete Lagoas,-19.466110999999998,-44.246944
Praia Grande,-24.005833,-46.402778000000005
Alem Paraiba,-21.8760576,-42.6810473
Carmo,-28.745496999999997,-50.7528931629562
Itabuna,-14.786987900000002,-39.2788778
Olindina,-11.360130900000001,-38.3269571
Porto Esperidiao,-15.852166500000001,-58.4693093
Mairiporã,-23.318611100000002,-46.5866667
Santo Antonio de Padua,-21.5389992,-42.179997799999995
Ribeirão das Neves,-19.7672898,-44.0875436
Carangola,-20.733056,-42.029445
Cupira,-8.6053148,-35.953036600000004
Armacao de Buzios,37.1002625,-8.35375190242837
Arraial do Cabo,-22.966283899999997,-42.024427
Cabo Frio,-22.8804369,-42.018922700000005
Cascavel,-24.955499600000003,-53.4560544
Bezerros,-8.2372132,-35.7558262
Mato Verde,-11.613349900000001,-41.624272600000005
Dourados,-22.2206145,-54.812208
Nossa Senhora das Dores,-10.4927502,-37.1931675
Juazeiro,-9.4336959,-40.5068201
Poços de Caldas,-21.790833,-46.565556
Iguaraci,-7.8352247,-37.5190066
São Carlos,-22.0183367,-47.890932
Pedreira,-22.741347,-46.894846
Arroio do Meio,-29.4020392,-51.9444993
Concordia,-27.2314098,-52.0229804
Serrita,-7.9476952999999995,-39.2957383
Abreu e Lima,-7.9007190000000005,-34.898389
Seropedica,-22.7438887,-43.699199799999995
Congonhas,-20.5015168,-43.8564586
Ouro Branco,-9.11450275,-37.3657752424308
Agua Branca,-5.8915913,-42.6343579
Sao Sebastiao,38.52734715,-8.85704212519293
Almirante Tamandare,-25.3133048,-49.2997838
Juquitiba,-23.932346,-47.0714217
Rio Verde de Mato Grosso,-18.78477075,-54.9739077727071
São José dos Pinhais,-25.533816,-49.20721629999999
Cruz,27.9010043,-105.05248510437201
Sertanopolis,-23.060043399999998,-51.0373544
Ibirite,-20.021425100000002,-44.0621506
Parintins,-2.6344567000000003,-56.731932400000005
Nossa Senhora do Socorro,-10.855311500000001,-37.126486299999996
Malacacheta,-17.843055,-42.077778
Marataizes,-21.0443673,-40.827220399999995
Panama,8.3096067,-81.30662459999999
Jandira,-23.5282044,-46.9019554
Barretos,-20.5531437,-48.569750899999995
Macapá,0.046069900000000004,-51.06932379999999
Guaianases,-23.555665,-46.4093288154922
Taubate,-23.031448,-45.5612792
Sao Jose,37.3361905,-121.89058329999999
Rio Largo,44.7787868,7.874019500000001
Paraguacu,-21.547222,-45.7375
Lavras,-21.242551199999998,-44.9991978
Varginha,-21.5565914,-45.434067399999996
Ferraz de Vasconcelos,-23.541056,-46.37097
Picos,-7.082354400000001,-41.4685053
Santa Cruz das Palmeiras,-21.862,-47.255562111801204
Guanambi,-14.223066000000001,-42.779942999999996
Capim Grosso,-11.3793228,-40.0112095
Montes Claros,-16.7273538,-43.871767600000005
Osorio,-29.8890328,-50.2730224
Macuco,-21.9849747,-42.2539464
Caieiras,-23.3644621,-46.7484765
Cachoeiro de Itapemirim,-20.848084,-41.111290000000004
Sao Vicente,16.8489552,-24.972388338073603
Taruma,-22.7474736,-50.5783374
Encruzilhada,-15.532211300000002,-40.9072488
Embu,-0.53596265,37.6653019690204
Iguatu,-6.361934,-39.29722329999999
Uberaba,-19.750833,-47.936665999999995
Sabara,-19.890037200000002,-43.8107916
Santarém,39.236363700000005,-8.686708099999999
Anápolis,-16.3332828,-48.952575599999996
Tapirai,-23.9638345,-47.5067136
Caraguatatuba,-23.620279999999998,-45.413059999999994
Vespasiano,-19.694095800000003,-43.9186521
Tres Rios,-22.1167884,-43.2087226
Jiquirica,-13.255353,-39.5693044
Arraias,-12.9287788,-46.9437231
Niquelandia,-14.4648655,-48.4572244
Simoes,-7.5970469,-40.817600299999995
Itaperuna,-21.2048,-41.888009999999994
Dois Irmaos,-29.58356,-51.089776
Jardinopolis,-21.025512600000003,-47.7706807
Timon,-5.102332499999999,-42.8449518
Diadema,-23.681347,-46.62052
Jaguaribe,-5.8838496,-38.6246986
Podesta,45.8864585,11.5086603
Tobias Barreto,-11.188137900000001,-38.003184499999996
Massape,-3.5239057999999996,-40.3423107
Pinhais,-25.442948899999998,-49.19267
Capanema,-25.6704878,-53.808303599999995
Alto Parana,-25.5,-54.833332999999996
Sao Jose do Inhacora,-27.736085,-54.1316582091605
Alagoinhas,-12.133526,-38.420772
Santana,18.4538553,-66.6632959188745
Paracambi,-22.6109158,-43.7096912
Foz do Iguaçu,-25.5401479,-54.5858139
Ceilandia,-15.8173391,-48.1045766
Cuite,-6.4855072,-36.1478606
Itapira,-22.436111,-46.821667
Itajaí,-26.911787899999997,-48.6669852
Panambi,-28.2898542,-53.501822
Governador Valadares,-18.8539497,-41.9458753
Tijucas,-27.239403999999997,-48.6353696
Amsterdam,52.3745403,4.89797550561798
Mariana,-20.3781468,-43.4174862
Ivoti,-29.593405699999998,-51.1599403
Parnamirim,-5.915333400000001,-35.26799129999999
Eunapolis,-16.372241199999998,-39.575703999999995
Matao,-21.602603,-48.36452070000001
Aracuai,-16.8484451,-42.0661868
Eusebio,-3.8889837999999997,-38.4546585
Bauru,-22.321810199999998,-49.070586299999995
Cajazeiras,-6.8897849,-38.557038899999995
Caicara,-27.2750478,-53.431005299999995
Vila Muriqui,-22.920887,-43.947086999999996
Santa Cruz Cabralia,-16.281555599999997,-39.0239196
Candeias,-12.6693806,-38.540646200000005
New York,40.7308619,-73.9871558
Frecheirinha,-3.755572,-40.818019
Sinop,42.0266698,35.1506765
Mantena,-18.7809937,-40.9808279
Lins,-21.674187300000003,-49.751893200000005
Francisco Morato,-23.281730800000002,-46.744899600000004
Porto Belo,-27.154241499999998,-48.5424395
Mendes Pimentel,-18.6611641,-41.4020716
Guaratingueta,-22.805783899999998,-45.190892600000005
Votorantim,-23.5466667,-47.4377778
Cianorte,-23.662035999999997,-52.61039889999999
Pongai,-21.7379814,-49.358444899999995
Mata de Sao Joao,-12.530685,-38.300898
Uruguaiana,-29.7655123,-57.0829466
Teófilo Otoni,-17.8579267,-41.5081533
São José dos Campos,-23.180501100000004,-45.887296899999996
Braganca Paulista,-22.9520235,-46.5418586
Para de Minas,-19.859963699999998,-44.6075313
Petrópolis,-22.519963,-43.192613
Colorado,38.7251776,-105.60771670000001
Sao Joaquim da Barra,-20.581789899999997,-47.8606374
Fremont,37.548269700000006,-121.98857190000001
Jaru,-10.431826,-62.47876899999999
Manhumirim,-20.3599141,-41.9554606
Cachoeirinha,-29.9493353,-51.0898927
Araxá,-19.5928536,-46.940241
Sumare,-22.8219447,-47.266936
Presidente Bernardes,-20.7685467,-43.1877237
Tremembe,-22.95714,-45.547526
Rodeio,-26.9233304,-49.3685354
Ijui,-28.388047999999998,-53.919959999999996
Uba,-21.12,-42.942777
Grand Rapids,42.963240500000005,-85.66786390000001
Rio Bonito,-22.7108378,-42.6271864
Turmalina,-20.0530658,-50.47632120000001
Pomerode,-26.7356218,-49.1770095
Ituporanga,-27.409621899999998,-49.6014812
Sao Roque,40.877342,-8.471590699999998
Paranavai,-23.08165,-52.461724
Atibaia,-23.1177393,-46.5547861
Brejo do Cruz,-6.3505644,-37.4943763
Araguaína,-7.193241,-48.2018597
Itapecerica,-20.472777999999998,-45.125556
Salgado,-11.028244500000001,-37.478280299999994
São João del Rei,-21.1335755,-44.2588086
Franca,46.603353999999996,1.8883334999999999
Ibitirama,-20.539374,-41.664695
Ipatinga,-19.4777807,-42.5270802
Floresta Azul,-14.860223800000002,-39.656138399999996
Ouro Preto,-20.385169199999996,-43.503634399999996
Aracruz,-19.8245218,-40.2735025
Alfenas,-21.4297405,-45.9479419
Sao Joao do Caiua,-22.8544849,-52.3371114
Taguatinga,-12.402403999999999,-46.4365769
Pelotas,-31.769973600000004,-52.341016100000004
Embu Guacu,-23.8317997,-46.8156204
Porto Franco,-6.34149,-47.396188
Piratininga,-22.4136363,-49.1351479
Mineiros,-17.565387899999998,-52.5536721
Córdoba,37.884977899999996,-4.776013099999999
Aguas da Prata,-21.9365,-46.6961333333333
Rio Claro,-22.410010800000002,-47.560393299999994
Santana de Parnaiba,-23.443889000000002,-46.917778000000006
Olinda,-7.998640099999999,-34.845955200000006
Pontal do Parana,-25.574765,-48.36148060000001
Ibiquera,-12.648916400000001,-40.932300399999995
Jaiba,-15.3373744,-43.6734439
São Leopoldo,-29.7544405,-51.1516497
Parelhas,-6.691369,-36.6584475
Canavieiras,-15.679012799999999,-38.944962200000006
Cicero Dantas,-10.5932265,-38.3834411
Caruaru,-8.282970200000001,-35.9722852
Crato,-7.236911200000001,-39.4149236
Birigui,-21.290849100000003,-50.341440000000006
Nova Petropolis,-29.3759836,-51.1123342
Alagoa Grande,-7.04575195,-35.5828090926339
Lago da Pedra,-4.5627272,-45.1298628
Pedro Leopoldo,-19.617778,-44.043054999999995
Estancia Velha,-29.652966600000003,-51.1719687
Sao Joao,21.673226800000002,112.79542009066401
Sao Paulo,-23.5506507,-46.633382399999995
Aquiraz,-3.9027184,-38.3889778
Caico,-6.4594544,-37.0971911
Mogi Guacu,-22.372222,-46.9425
Pentecoste,-3.7952282,-39.2713219
Teresopolis,-22.4164578,-42.975194
Mirassol,-20.8141411,-49.507449
Varzea Nova,-11.252793400000002,-40.945656899999996
Aguas de Chapeco,-27.074111900000002,-52.987904799999995
Santa Cruz do Rio Pardo,-22.88358245,-49.6109217615385
Xanxere,-26.874694,-52.403579
Colombo,6.921812400000001,79.8655608840961
Utinga,-12.0781018,-41.090787
Marilac,-18.5075,-42.080278
Iepe,-22.660165,-51.077881
Santa Gertrudes,-22.473000000000003,-47.5309412925506
Miguel Pereira,-22.453941699999998,-43.469197799999996
Crucilandia,-20.3985647,-44.3429275
Marília,-22.217108,-49.95006
Bariri,-22.0746355,-48.739485200000004
Pianco,-7.1987413,-37.9255755
Candido,1.2507511,-75.601297
Dores do Rio Preto,-20.6856469,-41.817603930731295
Camaçari,-12.699818800000001,-38.3260762
Sao Domingos,15.030237699999997,-23.530823428842
Sales Oliveira,-20.8215,-47.84357352941179
Biguacu,-27.4961277,-48.6542432
Bom Despacho,-19.7375242,-45.251728799999995
Paraiba do Sul,-22.1636384,-43.2916915
Jacareí,-23.30528,-45.96583
Monte Carmelo,-18.7260939,-47.4958859
Guaraciaba do Norte,-4.1632924,-40.7495985
Panorama,20.2886,-97.6361
Pradopolis,-21.3597815,-48.0746603
Americo Brasiliense,-21.72396635,-48.03874796875
Jaboticabal,-21.252036999999998,-48.325223
Carnauba dos Dantas,-6.5528123,-36.554575840266104
Sidrolandia,-20.930212,-54.969218999999995
Ibirapitanga,-14.161568599999999,-39.369521999999996
Coronel Fabriciano,-19.5200067,-42.6282686
Capao da Canoa,-29.754293699999998,-50.0215684
Hortolândia,-22.85833,-47.22
Paulinia,-22.7630391,-47.1532213
Porto Nacional,-10.701978599999999,-48.411095200000005
Tefé,-3.3485275999999997,-64.7102278
Mundo Novo,-23.937887600000003,-54.285948899999994
Alagoinha,-8.466337199999998,-36.774883200000005
Cambui,-22.6122501,-46.057213700000005
Paulista,-7.9340069,-34.868407
Sao Luis do Quitunde,-9.243,-35.6422419354839
Catu,-12.351274,-38.379108
Santa Cruz,50.7504894,20.782912200000002
Coronel Ezequiel,-6.359708900000001,-36.206118927065894
Tangara,-2.91413965,30.0573360330962
Santos Dumont,-21.455867,-43.5522107
Ituiutaba,-18.9691887,-49.4639335
Vitoria de Santo Antao,-8.1209019,-35.2944858
Brasopolis,-22.4742842,-45.6165577
Jarinu,-23.094958399999996,-46.7148636
Rio do Sul,-27.215959299999998,-49.6436982
Floriano,-6.7726534,-43.00706160000001
Presidente Epitacio,-21.9845,-52.2318585858586
Altamira,43.376844500000004,-4.1197476
Antonio Prado,-28.8544878,-51.2803769
Resende,-22.468362600000003,-44.4463494
Limoeiro do Norte,-5.145560700000001,-38.0984936
Valença,-22.246102800000003,-43.6996917
Caucaia,-3.7300562999999993,-38.659308200000005
Alvorada,-29.9981184,-51.077250899999996
Santa Maria da Boa Vista,-8.778454199999999,-39.8727980885698
Taquaritinga,-21.407486,-48.5054848
Pirapozinho,-22.273874199999998,-51.499886700000005
Pereiro,-6.046269000000001,-38.460419200000004
Santa Clara,37.35411320000001,-121.95517439999999
Camacari,-12.699818800000001,-38.3260762
Ribeirao Branco,-24.217243600000003,-48.764400099999996
Codó,-4.455623,-43.892354
Maranguape,-3.8922967000000006,-38.683542700000004
Buritis,-15.621389,-46.423889
Umbauba,-11.382679199999998,-37.656556200000004
Jitauna,-14.017019,-39.8889976
Matinhos,-25.818734399999997,-48.534281299999996
Ipupiara,-11.82207,-42.6111388
Balneário Camboriú,-26.992439500000003,-48.6339782
Sao Joao dos Patos,-6.4934,-43.703623
Indaiatuba,-23.09028,-47.218059999999994
Contenda,-25.678811,-49.535044
Alegre,-20.7625787,-41.5318886
Gouvea,-21.8372602,-46.577225459588206
Barbacena,-21.225452399999998,-43.77350870000001
Cajamar,-23.3561111,-46.8769444
Nilopolis,-22.808011399999998,-43.4138222
Cosmopolis,-22.643739800000002,-47.1972086
Moreno,-8.108706,-35.08354
Alcobaca,39.56304825,-8.96421588223777
Patrocinio do Muriae,-21.153333,-42.214444
Alta Floresta,-9.8715018,-56.083988100000006
Valerio,36.7874463,-4.224681200000001
Tucuma,-6.7517239,-51.1507941
Crixas,-14.5424536,-49.9694813
Sao Francisco de Itabapoana,-21.474336899999997,-41.1118362
Sao Francisco,37.779280799999995,-122.4192363
Cantagalo,0.2294719,6.6801760277543405
Tramandai,-29.9857732,-50.1313662
Posse,-14.083585199999998,-46.3563185
Lumiar,38.7713305,-9.163768329774571
Ariquemes,-9.9076522,-63.033069
Boituva,-23.285490300000003,-47.6786902
Mogi Mirim,-22.433009,-46.9581629
Conceicao da Barra,-18.5841421,-39.7371844
Porto Ferreira,-21.846999999999998,-47.46195
Cubatao,-23.8857982,-46.4241869
Navegantes,-26.889881300000003,-48.6495828
Simplicio Mendes,-7.857860400000001,-41.9091375
Torres,-29.3373663,-49.7299648
Macarani,-15.5610861,-40.422607799999994
Alpinopolis,-20.863611,-46.387777
Lucelia,-21.718203,-51.021511
Sobral,-3.6879135,-40.345637200000006
Lajedo,-8.657914,-36.329336
Sao Lourenco do Sul,-31.3660131,-51.9799711
Bastos,-21.9200478,-50.7344335
Peruibe,-24.3218105,-46.997745200000004
Guanhaes,-18.7753627,-42.9340634
Sabinopolis,-18.665683899999998,-43.0830439
Almenara,-16.174067800000003,-40.6904907
Beauharnois,45.313977799999996,-73.875834
Caete,-19.897776999999998,-43.670278
Chapecó,-27.1011804,-52.61889870000001
Caxias,-29.168479600000005,-51.1793861
Sao Joao da Barra,-21.634858800000003,-41.0487079
Serrolandia,-11.4200011,-40.2974938
Paragominas,-2.9956400000000003,-47.354894200000004
Lagoa Nova,-6.0948803,-36.470499100000005
Capitolio,-20.6142437,-46.0487652
Itatiba,-22.996586100000002,-46.8412042
Maua,-23.66767,-46.461263
Artur Nogueira,-22.5595,-47.1324464285714
Solanea,-6.754035099999999,-35.662194299999996
Condado,-0.1032661,-78.5045937
Boca do Acre,-8.5717733,-68.2743639878733
Ilhéus,-14.793045000000001,-39.04602
Altinopolis,-21.021364000000002,-47.3712
Sangao,-28.6397512,-49.1266106
Juramento,-16.845829100000003,-43.586735100000006
Paripiranga,-10.6828923,-37.8621523
Aracariguama,-23.438610999999998,-47.061389
Patos,-7.0258285,-37.276681700000005
Caxambu,-20.0721743,-44.475726
Videira,-27.005440000000004,-51.1533733
Mateus Leme,-19.986666,-44.428056
Itirucu,-13.5338389,-40.1502444
Maracas,-13.4408898,-40.433052
Balsas,-7.532139999999999,-46.037163
Camutanga,-7.4092965,-35.2738166
Pouso Alegre,-22.234385800000002,-45.9327241
Mage,-22.6604221,-43.0426162
Pau dos Ferros,-6.1124964,-38.2062628
Alegrete,-29.790165999999996,-55.794862
Sapiranga,-29.639238199999998,-51.0068586
Presidente Medici,-11.24637385,-61.881859876525496
Tapes,-30.674772100000002,-51.3986199
Pesqueira,-8.357974,-36.697783
Belo Jardim,-8.3338293,-36.4176419
Rincao,-21.5881095,-48.0724258
Itapevi,-23.54888,-46.933889
Russas,-4.926727,-37.972086
Jaciara,-15.9520115,-54.9762106
Erechim,-27.635014299999998,-52.273728799999994
Lidice,50.1435834,14.190522400000003
Barra do Corda,-5.496823,-45.248496
Maracanau,-3.8779437999999993,-38.6247697
Nova Lima,-19.9854089,-43.8470691
Nova Odessa,-22.78135445,-47.2785626949566
Novo Hamburgo,-29.690570500000003,-51.142903499999996
Primavera,-2.3370048,-79.4016386
Vargem Grande Paulista,-23.6245472,-47.0229536002509
Barra Bonita,-22.47657125,-48.557060625
Vicosa,-20.7538586,-42.881588799999996
Sarzedo,-20.0353,-44.1453
Alfredo Chaves,-20.6249704,-40.7500669014799
Lagoa Seca,-7.148297,-35.8551719460357
Itaqui,-29.131051,-56.551478
Cruzeiro,-4.3188405,-38.89140220000001
Nova Serrana,-19.875834,-44.984165999999995
Ubatuba,-23.433162,-45.083415
Igarape,-20.068772600000003,-44.3016306
Itapiranga,-27.171997700000002,-53.711873399999995
Ipora,-24.003947399999998,-53.7100595
Paramirim,-13.443721799999999,-42.241976799999996
Granja,-3.1212057,-40.8284124
Macaubas,-13.0174846,-42.688222100000004
Brumadinho,-20.143611,-44.2
Paripueira,-9.463133000000001,-35.551977
Paratinga,-12.692459,-43.1805318
Parapeuna,-22.102868,-43.828812
Caldas Novas,-17.745,-48.625
Três Corações,-21.695625,-45.2543675
Salto,20.53910005,-103.240377528528
Cabo Verde,16.0000552,-24.0083947
Tibau do Sul,-6.1872964999999995,-35.0905246
Castanhal,-1.2927031,-47.922390299999996
São Bento do Sul,-26.2483669,-49.3820672
Ponte Serrada,-26.8708566,-52.016408899999995
Itarema,-2.9225201000000003,-39.9130437
Aperibe,-21.621192800000003,-42.1028167
Tupa,48.1089076,18.8914594
Osvaldo Cruz,-22.8705266,-43.350194
Joao Monlevade,-19.809444,-43.173334000000004
Eldorado,30.860159000000003,-100.6008566
Medeiros Neto,-17.3714581,-40.2224736
Grao Mogol,-21.5781582,-44.6789923
Juatuba,-19.954689300000002,-44.3405188
Pindai,-14.4911899,-42.6864686
Paraty,-23.222112300000003,-44.7174701
Monte Mor,-22.95131195,-47.30290603286161
Sobradinho,-29.4131826,-53.0256794
Queimados,-22.7156978,-43.555754
Surubim,-7.8424353,-35.7539722
Ipua,-20.4441839,-48.012504
Nepomuceno,-21.232242000000003,-45.2347848
Agua Boa,-14.052296799999999,-52.1617625
Itamarandiba,-17.8575,-42.859722
Porteirinha,-15.742088899999999,-43.0286046
Bayeux,49.2764624,-0.7024738
Los Angeles,34.0536834,-118.24276689999999
Sumidouro,-22.0498059,-42.674260100000005
Rio das Ostras,-22.5269448,-41.944972
Muriaé,-21.130556,-42.366389
Lorena,48.71557405,6.14246019610069
Bombinhas,-27.1519159,-48.4875691
Itabirito,-20.2519724,-43.8029171
Marabá,-5.3462821,-49.1007401
Simao Dias,-10.7389663,-37.8092502
Cataguases,-21.387426,-42.695721899999995
Sao Jose do Egito,-7.469447,-37.273974
Barao de Cocais,-19.946111,-43.486944
Guarapari,-20.6718755,-40.4984617
Pederneiras,-22.351086,-48.778113
Mari,16.3700359,-2.2900238999999996
Mineiros do Tiete,-22.47,-48.43645
Santa Cruz do Capibaribe,-7.948019,-36.206092
Palo Alto,37.4455862,-122.1619289
Rio Grande da Serra,-23.7385,-46.38702941176471
Guapimirim,-22.526630800000003,-42.979068700000006
Valente,-11.4127335,-39.4627304
Dom Pedrito,-30.983755,-54.6746483
Pacatuba,-3.9841,-38.618038299999995
Minacu,-13.5336413,-48.2184889
Itapage,-3.667868,-39.591681
Americana,-22.7392463,-47.3306032
Itape,-14.8970856,-39.4246637
Carinhanha,-14.298523999999999,-43.772349
Caratinga,-19.7900887,-42.140533000000005
Aguiar,-7.092840400000001,-38.1727215
Barbalha,-7.306636800000001,-39.3013808
Munhoz,-22.613056,-46.360556
Sao Pedro da Aldeia,-22.8384835,-42.1031604
Lagoa Santa,-19.635737600000002,-43.896613200000004
Paraiso do Tocantins,-10.1752474,-48.886759000000005
Parambu,-6.2123856,-40.6954982
Jaraguá do Sul,-26.489743199999996,-49.0778063
Mirandopolis,-21.1328313,-51.1029422
Pirajui,-21.995787699999997,-49.4549675
Guaimbe,-21.909072000000002,-49.89861
Lages,-27.8165664,-50.325883000000005
Dores do Turvo,-20.975278,-43.188889
Ibiuna,-23.6548363,-47.221011600000004
Camocim,-2.9009918,-40.84273889999999
Cerquilho,-23.1626556,-47.743387799999994
Cerro Azul,21.17865905,-97.7561168203829
Guiricema,-21.016545699999998,-42.6961825375
Alto Bela Vista,-6.5122944,-38.4160888
Currais Novos,-6.2626676,-36.5173039
Taquara,-29.6465318,-50.7805672
Saude,-22.8971835,-43.1841545
Macaparana,-7.54122565,-35.4491024779279
Olho d'Agua,-7.2530087,-37.7483304684783
Soledade,-28.8272467,-52.5109157
Moncao,42.078702299999996,-8.4813901
Nova Londrina,-22.763362100000002,-52.98759079999999
Sertaozinho,-21.1375782,-47.9913741
Bela Cruz,-3.0529129,-40.167582
Indaial,-26.900011,-49.2370602
Collierville,35.042035999999996,-89.66452659999999
Sao Jose do Rio Preto,-20.812585100000003,-49.38042120000001
Freitas,41.267571200000006,-7.896274099999999
Bom Jesus,-9.0711644,-44.3583926
Arapongas,-23.415295999999998,-51.42592
Tailandia,14.8971921,100.83273
Cruz Alta,-28.645163300000004,-53.6057549
Gaspar,-26.930730600000004,-48.9566824
Planura,-20.1368583,-48.70668189999999
Rio Grande,29.74434,-102.67466999999999
Ibitinga,-21.75623,-48.831903000000004
Guariba,-21.359379999999998,-48.23158
Querencia do Norte,-23.083758,-53.483022
Conceicao do Mato Dentro,-19.037222,-43.425278000000006
Colatina,-19.5478601,-40.6263701
Jequié,-13.8604033,-40.0719627
Cruz das Almas,-12.6722649,-39.105366499999995
Atalanta,-27.421915999999996,-49.778863
Sao Joao Batista,-27.277547,-48.8496101
Banabuiu,-5.3046404,-38.919765999999996
Uruana,-15.4998907,-49.6870172
Sao Miguel dos Campos,-9.7831115,-36.0967804
Marituba,-1.3595306,-48.336150399999994
Leme,49.838333299999995,3.7647222
Iguatemi,-23.673555,-54.563731000000004
Caarapo,-22.634926699999998,-54.824090299999995
Santo Antonio,-6.3124831,-35.4815907
Maracaju,-21.6103956,-55.166407400000004
Rio Brilhante,-21.931171399999997,-54.17794179999999
Amambai,-23.108272,-55.228488899999995
Rondonópolis,-16.4603533,-54.63970989999999
Navirai,-23.063041899999998,-54.198112300000005
Vinhedo,-23.029518300000003,-46.9756292
Vila Pereira,-17.90498075,-40.6646812768696
Sao Joao do Paraiso,-15.6526133,-39.472108507951205
Cristalina,-16.7676079,-47.613128100000004
Santana do Acarau,-3.4596492,-40.209098700000006
Mexico City,19.4326009,-99.1333416
Lencois Paulista,-22.6029897,-48.8031367
Harrisburg,40.266310700000005,-76.8861122
Agrestina,-8.4558021,-35.944266299999995
Estreito,-6.5583016,-47.4432212
Angra dos Reis,-23.006396600000002,-44.316326000000004
Cedro,-6.6065382,-39.0599487
Alto Rio Novo,-19.03990545,-41.0228451316256
Formosa,23.59829785,120.835363138175
Irece,-11.303317,-41.853462
Rolandia,-23.311990100000003,-51.3674145
Pirapora,-17.3493765,-44.950790399999995
Barracao,-26.252395,-53.6349576
Luziania,-16.2535456,-47.9500276
Montezuma,37.347654600000006,-108.62608490000001
Tapurah,-12.742385,-56.512037
Passos,-20.719162,-46.609450700000004
Mortugaba,-15.0232826,-42.36954229999999
Seabra,-12.417207099999999,-41.772051
Olho d'Agua das Flores,-9.5318374,-37.293905200000005
Tiete,-23.1030302,-47.7147937
Santana do Ipanema,-9.369989,-37.248018
Carmopolis,-10.64835,-36.98493
Afonso Claudio,-20.077841,-41.126059999999995
Jaú,-22.293585,-48.559193
Bertioga,-23.848568,-46.139586
Riacho Fundo,-7.6948343999999995,-36.8728275
Presidente Venceslau,-21.7905,-51.82415384615379
Salgueiro,-8.073734,-39.12469
Senador Canedo,-16.701323300000002,-49.0914921
Guaíba,-30.1097392,-51.315379
Cassia,-20.579652499999998,-46.9262786
Itubera,-13.7360764,-39.148105799999996
Louveira,-23.086389999999998,-46.950559999999996
Caceres,39.4745175,-6.3716761
Campo Bom,-29.674694,-51.060601
Padre Marcos,-7.353889,-40.9073555
Santo Antonio de Jesus,-12.968936099999999,-39.260914
Novo Recreio,-2.6881472,-57.6802333
Urupes,-21.202702600000002,-49.292199600000004
Santo Antonio da Platina,-23.295715700000002,-50.077895700000006
Ibira,-21.083032,-49.244833
Lagoinha,-23.0898337,-45.1903825
Marau,-28.449346600000002,-52.2001941
Itajuipe,-14.6744381,-39.3759427
Joao Camara,-5.5349637000000005,-35.8150811
Sao Joao da Boa Vista,-21.9778137,-46.7881722
Cruzeta,-6.4113343,-36.787296399999995
Carmo do Rio Claro,-20.972223,-46.118611
Adamantina,-21.6866517,-51.076297499999995
Jerumenha,-7.088033800000001,-43.507845399999994
Santa Ines,-13.289769699999999,-39.8179701
Alvares Machado,-22.0652385,-51.4676888978261
Parnaiba,-2.9147515,-41.7661953
Sao Salvador,13.698993900000001,-89.1914249
Silvania,4.43196765,-74.3686920519907
Pindamonhangaba,-22.934016500000002,-45.462938
Nova Vicosa,-17.8907712,-39.3725471
Sao Manuel,-22.697357999999998,-48.5110721
Mandaguacu,-23.3485076,-52.096621500000005
Alexandria,31.199004,29.894378000000003
Sao Raimundo Nonato,-9.0150522,-42.6886909
Lajeado,-29.4671522,-51.962404600000006
Arapoti,-24.145894100000003,-49.8228117
San Francisco,37.76479929999999,-122.46298970000001
Rafael Fernandes,-6.1892485,-38.22386470000001
Sao Jose do Norte,-32.00079635,-51.9909187343937
Laguna,14.1696476,121.33365259999998
Caetite,-14.069177599999998,-42.485242799999995
Trindade,41.4005802,-7.071240400000001
Pedra Azul,-16.005556,-41.28
Dumont,40.9406541,-73.9968051
Pompeu,-19.218611,-45.002778
Prudente de Morais,-19.4825,-44.155556
Mucambo,-3.9043285000000005,-40.745442499999996
Cachoeira,-12.598603599999999,-38.9670146
Wanderley,-12.120898599999999,-43.8905685
Santo Antonio da Patrulha,-29.826767999999998,-50.517489000000005
Itapemirim,-21.0105534,-40.8351239
Itarantim,-15.652091699999998,-40.059906700000006
Pedro de Toledo,-24.177087300000004,-47.1636560225
Itanhaem,-24.184884699999998,-46.792157200000005
Piratini,-31.448451000000002,-53.1039931
Caninde,-4.3547946,-39.3108516
Bom Jesus da Lapa,-13.250570999999999,-43.410754
Horizonte,-4.096461799999999,-38.49655739999999
North Las Vegas,36.2008371,-115.11209579999999
Nova Cruz,-6.482111,-35.4332326
Igarassu,-7.8354422999999995,-34.9061125
Barra do Jacare,-23.1151788,-50.1813945
Mendes,30.956251799999997,31.517088899999997
Grajau,-5.815403400000001,-46.1361454
Passo Fundo,-28.261613800000003,-52.408904799999995
Sorriso,-12.544488699999999,-55.72339720000001
Lagarto,-10.9141791,-37.6715308
Sao Francisco do Sul,-26.2495087,-48.6308087
Custodia,-8.086142599999999,-37.640187299999994
Flores,17.16434955,-89.52368858750891
Tangua,1.0955415000000002,-77.3931457
Conceicao do Rio Verde,-21.881078,-45.0868526
Alterosa,-21.249166,-46.143055
Quixada,-4.970602099999999,-39.0158403
Santa Rita do Passa Quatro,-21.6785,-47.5198208333333
Barrolandia,-9.837246,-48.726434600000005
Coxim,-18.504915,-54.74502510000001
Ponte Nova,-20.4164353,-42.90878
Santo Antonio do Grama,-20.314444,-42.608610999999996
Rio Piracicaba,-19.495766399999997,-42.5284407
Jequeri,-20.453056,-42.666111
Vilhena,-12.7368536,-60.146555500000005
Bento Gonçalves,-29.1655021,-51.519757299999995
Caçador,-26.77567,-51.012004100000006
Brejo Santo,-7.4909841,-38.9859152
Nova Palma,-29.43185185,-53.460064466393604
Nanuque,-17.839111300000003,-40.3537221
Bom Jesus do Galho,-19.8286861,-42.31691420000001
Esteio,-29.851162699999996,-51.1778852
São Mateus,-18.7157663,-39.8492211
Ivaipora,-24.243351699999998,-51.6719268
Santa Barbara,15.0944971,-88.3723217829678
Cherepovets,59.128696,37.916389
Buriti Alegre,-18.1377879,-49.0404411
Itapagipe,-19.9033884,-49.3666934
Gurupi,-11.72794,-49.068046
Terra Roxa,-20.774,-48.344468458841106
Barro,-17.056869600000002,-64.9912286
Canto do Buriti,-8.1112473,-42.944844
Redencao do Gurgueia,-9.491046699999998,-44.584725899999995
Maputo,-25.966213,32.56745
Brejinho,-7.334257000000001,-37.3111600242395
Virginia,37.1232245,-78.4927721
Santo Estevao,-12.4340621,-39.2556115
Flores da Cunha,-29.030129,-51.1833349
Sao Jose de Mipibu,-6.0746867,-35.237018400000004
Oros,64.6863136,97.7453061
Cachoeira Paulista,-26.7927162,-49.5319984
Cabedelo,-6.97324,-34.8351609
Uniao da Vitoria,-26.228374600000006,-51.0674424
Porto Uniao,-26.2415136,-51.08135479999999
Baixa Grande,-11.9630941,-40.1657537
Itapetinga,-15.2454478,-40.24600529999999
Rodelas,-8.8485589,-38.766393900000004
Paraopeba,-19.2756738,-44.403324100000006
Hidrolandia,-11.26533395,-42.1440797906723
Apuarema,-13.8517897,-39.7457126
Monteiro,-7.892017900000001,-37.12320510000001
Paicandu,-23.4575884,-52.048988
Conchal,-22.337512,-47.172927
Itacuruba,-8.7283861,-38.6867735
Sao Fidelis,-21.648210100000004,-41.7480548
Itaitinga,-3.965768,-38.529763
Goias,-15.932366199999999,-50.13929279999999
Capao Bonito,-29.0499046,-53.300072243108794
Sousa,-6.766202900000001,-38.2319607
Teixeira,-7.221036,-37.252477
Ouricuri,-7.884432,-40.083322100000004
Avare,-23.1045215,-48.92591029999999
Marcos Parente,-7.1216428,-43.8892251
Nova Itarana,-13.0280762,-40.0678848
Pauliceia,-21.3143775,-51.83353029999999
Paracatu,-17.217405600000003,-46.870751399999996
Senhora de Oliveira,-20.793889,-43.344165999999994
Criciúma,-28.6789941,-49.3695627
Piraquara,-25.4428095,-49.0597917
Morada Nova,-5.1076699,-38.3727852
Lagoa dos Gatos,-8.67855195,-35.8607745188332
Dores do Indaia,-19.4636451,-45.601659999999995
Regente Feijo,-22.198935199999998,-51.299436411111095
Taquaritinga do Norte,-7.872156200000001,-36.178802921243296
Pitangueiras,-22.8171281,-43.179954200000005
Serrinha,-11.66199,-39.0034021
Rio Negrinho,-26.1717112,-49.4269557
Nova Veneza,-22.8281645,-47.191571254851596
Iguaba Grande,-22.838849800000002,-42.228674600000005
Trairi,-3.2742763,-39.2651119
Chorozinho,-4.3010895,-38.4976923
Cachoeira do Sul,-30.0480752,-52.890146900000005
Itabaianinha,-11.276014199999999,-37.78666
Gramado,-29.3787488,-50.8724941
Auriflama,-20.6840418,-50.5554616
Queimadas,-7.364040400000001,-35.901664399999994
Palmares,-8.684225999999999,-35.589032
Pontes e Lacerda,-15.232594699999998,-59.333592200000005
Tupaciguara,-18.5932122,-48.699901399999995
Itumbiara,-18.4135862,-49.2172596
Corumbá,-19.0016365,-57.6534316
Pontal,-21.023971399999997,-48.039345700000005
Piracanjuba,-17.3020379,-49.0170101
Espumoso,-28.7256962,-52.845375100000005
Bom Sucesso,40.2667164,-8.7808292
Assis,-22.6620892,-50.420623
Mutum,-19.817223000000002,-41.438333
Sao Caetano,40.3815606,-8.679195
Santa Isabel do Para,-1.2784923000000001,-48.1606849567625
Mairinque,-23.5401247,-47.1846323
Mutuipe,-13.228229800000001,-39.5060149
Santa Barbara d'Oeste,-22.755251100000002,-47.4144958
Garcias,-20.17370445,-52.4028469136825
Salto do Itarare,-23.6038767,-49.626581
Castro Alves,-12.7616941,-39.4281088
Pontes Gestal,-20.178910000000002,-49.741571215476206
Biritiba Mirim,-23.5697765,-46.0407456
Timbo,-26.828273699999997,-49.270641
Rio Bananal,-16.114575199999997,-42.1725566
Jaguariuna,-22.70374,-46.985062
Coimbra,40.2109801,-8.429205699999999
Aracoiaba,-4.370257700000001,-38.808431299999995
Chapadao,-4.1106083,-47.22379829999999
Varzelandia,-15.701667,-44.027223
Arataca,-15.2617424,-39.4122943
Aracoiaba da Serra,-23.54235855,-47.6491647818807
Iati,-9.0426669,-36.846680299999996
Bacabal,-4.2318132,-44.781166999999996
Cajuru,-21.2759978,-47.3046035
Euclides da Cunha,-10.5060835,-39.0129875
Conselheiro Pena,-19.1720883,-41.471995
Sao Goncalo do Amarante,-3.6110555,-38.966324900000004
Acegua,-31.8695131,-54.1615593
Monte Alto,43.926443,7.6053958
Cacoal,-11.4333,-61.4420502
Newark,40.735657,-74.1723667
Ituacu,-13.815529000000002,-41.2981722
Portao,-29.6932554,-51.233183700000005
Ribeirao,-8.5066761,-35.374733899999995
Piraju,-23.1897822,-49.384049299999994
Nisia Floresta,-6.05336825,-35.1714107685548
Leopoldina,-21.5314282,-42.640353399999995
Imbau,-24.447597000000002,-50.7557188
Carmo do Paranaiba,-18.9992327,-46.306915999999994
Montanha,-18.1256742,-40.366795
Parai,-28.5966772,-51.7851426
Sao Jose de Ribamar,-2.5609115,-44.0559509
Jaguaquara,-13.529497400000002,-39.9693081
São Lourenço,-22.116389,-45.054167
Boa Vista,2.8208478,-60.671958200000006
Abaetetuba,-1.721828,-48.878842999999996
Dallas,32.7762719,-96.7968559
Bacabeira,-2.9775747000000004,-44.315594299999994
Barauna,-5.0775002,-37.61752
Manhuacu,-20.2574434,-42.034076899999995
Nazare,-13.0345586,-39.006251500000005
Anama,-3.5797356,-61.404999600000004
Rodeiro,42.6490377,-7.9481672
Ubajara,-3.8534468,-40.918564200000006
Mar de Espanha,-21.866945,-43.01
Maravilha,-26.762389799999998,-53.1747387
Centenario do Sul,-22.821497,-51.5951456
Jacarezinho,-23.159115,-49.973889
Salinas da Margarida,-12.8733508,-38.7593794
Ribeirao Pires,-23.7110754,-46.414406
Cerqueira Cesar,-23.081,-49.15498965517239
Icaraima,-23.3948345,-53.6162036
Tres Pontas,-21.3705706,-45.5121255
Valenca,44.9332277,4.8920810999999995
Alegres,-18.9700126,-49.182201899999995
Caapiranga,-3.3188883999999996,-61.2096404
Acarau,-2.887689,-40.118306
Aracu,-16.3561579,-49.681526899999994
Castilho,-20.869563600000003,-51.4877792
Campo Maior,-4.8339574,-42.173978600000005
Piripiri,-4.273233900000001,-41.7785173
Boa Esperanca,-21.0901253,-45.5660195
Sao Goncalo do Sapucai,-21.90562715,-45.6107014410714
Itatiaia,-11.4244205,-39.8859208
Florania,-6.1268685,-36.818323799999995
Pirassununga,-21.9980468,-47.4280861
Guabiraba,-6.23104,-44.3725937
Guarapuava,-25.3950986,-51.4622016
Gilbues,-9.8295491,-45.3389933
Capao do Leao,-31.779271,-52.4589246219927
Toledo,41.678675399999996,-83.51272829999999
Governador Celso Ramos,-27.317161,-48.557608
Guaramirim,-26.468753000000003,-49.002628
Campo Alegre,18.40963675,-66.77988566186279
Fonseca,10.84200945,-72.7820258353363
Lapa,-25.76709,-49.716777
Terra Rica,-22.7264874,-52.6202541
Curiuva,-24.0383013,-50.455484000000006
Cravinhos,-21.340278,-47.729444
Araci,-11.3356065,-38.9573261
Santa Rosa,14.15968985,-90.3215051041745
Santana do Matos,-5.9468972,-36.650254100000005
Guarabira,-6.851386,-35.4916537
Itapora,-22.079914199999997,-54.78742389999999
Sao Jose de Piranhas,-7.1198508,-38.4991347
Tartarugalzinho,1.506,-50.9119997
Ibia,-19.4771843,-46.538695600000004
Esmeraldas,0.8066385,-79.63597111054959
Ilha Solteira,-20.483,-51.327975
Botuvera,-27.200749,-49.068892
Canarana,-11.6870151,-41.7683675
Santa Luzia do Norte,-9.6037,-35.823196
Santo Ângelo,-28.3000481,-54.266997100000005
Quatro Barras,-25.370898699999998,-49.074567200000004
Sete Barras,-24.295,-47.94251315789471
Itapuranga,-15.560588899999999,-49.9489571
Sapeacu,-12.7294438,-39.186226299999994
Porto Feliz,-23.237940899999998,-47.5227622333333
Santo Inacio,-28.53803,-50.158549112434905
Urucuca,-14.5913092,-39.2862094
Jatai,-17.8783829,-51.7204241
Areia,-6.968024300000001,-35.6994783
Serra Negra,-22.61222,-46.700559999999996
Martins,-6.0892840999999995,-37.9114676
Oeiras do Para,-2.38616,-49.926448327840205
Carlos Barbosa,-29.298087199999998,-51.5004445
Tubarao,-28.471488,-49.014132000000004
Arcoverde,-8.415192,-37.057748
Bom Jardim,-30.5812895,-53.3209391967114
Maracaja,-28.8628566,-49.449388
Carazinho,-28.298163399999996,-52.7942363
Telemaco Borba,-24.3282939,-50.6318021
Lauro de Freitas,-12.89242,-38.3127691
Barreiras,-12.1440031,-44.9967406
Castelo,-20.603447600000003,-41.2033505
Durande,-20.203611,-41.798055
Japeri,-22.6427642,-43.6533831
Tracuateua,-1.0765338,-46.90308220000001
Farroupilha,-29.224859499999997,-51.340510200000004
Umuarama,-23.7617057,-53.307989500000005
Saquarema,-22.9257974,-42.507633
Itaruma,-18.764552899999998,-51.348516
Alto Araguaia,-17.315652800000002,-53.216936499999996
Sao Domingos do Maranhao,-5.579974299999999,-44.3841617
Ilopolis,-28.92825,-52.125816
Erval d'Oeste,-25.686874,-53.035579000000006
Ouro Fino,-22.283056,-46.369167
Nova,45.5893041,9.2004194
Sao Sebastiao do Passe,-12.5177926,-38.4921566
Itambacuri,-18.0391974,-41.6751876
Sao Felipe,-12.8413439,-39.09420479999999
Rio da Conceicao,-11.4277513,-46.92301679999999
Conceição do Araguaia,-8.2696905,-49.2676864
Lake Orion,42.7844752,-83.23966120000001
Cruzeiro do Sul,-7.630795599999999,-72.67038690000001
Catanduva,-21.1331035,-48.971281700000006
Botafogo,-22.94884465,-43.179829096253
Lagoa Vermelha,-28.209437800000003,-51.5270315
Uniao,-4.5892553,-42.8593348
Dhaka,23.7593572,90.3788136
Morro do Chapeu,-11.5500293,-41.157024799999995
Faxinal,-24.001065,-51.322323700000005
Barroquinha,-3.0215478,-41.1340624
Abaete,43.8157529,11.001447800000001
Quirinopolis,-18.4471859,-50.4546981
Trizidela do Vale,-4.5867213,-44.6071472
Montenegro,42.7728491,19.2408586
Tucurui,-3.7740062999999995,-49.670516
Buerarema,-14.9571177,-39.3008035
Barra do Choca,-14.863817300000001,-40.5761637
Tamoios,-22.723288,-42.02985
Antonio Dias,-19.6525,-42.872778000000004
Paraibuna,-23.387213,-45.663942999999996
Siqueira Campos,-23.687481,-49.830416
Martinopolis,-22.146152999999998,-51.170949
Igarape Miri,-1.975326,-48.957453
Coromandel,-18.473889,-47.200278000000004
Taquarivai,-23.9257829,-48.7005328
Touros,-5.1998625,-35.4595051
Deodapolis,-22.276272,-54.168163
Jardim,-21.479941,-56.148902
Aroeiras,-7.546290400000001,-35.7080002
Orobo,-7.74562,-35.6019195
Piranhas,-9.610828,-37.761303999999996
Barrinha,-21.1898849,-48.155064200000005
Votuporanga,-20.425250600000002,-49.97226
Populina,-19.9427771,-50.5372875
Cardoso,-20.080447,-49.913976700000006
Morrinhos,-17.7333689,-49.105908
Jaguaruana,-4.831508,-37.780997
Pedra Preta,-5.5223097,-36.08508982728571
Sao Carlos,-22.0183367,-47.890932
Coronel Vivida,-25.980377100000002,-52.5654277
Formiga,-20.4648425,-45.4266753
Curral de Dentro,-15.933265599999999,-41.8568896
Itatiaiucu,-20.1975724,-44.4224889
Icara,-28.7116553,-49.2971441
Catole do Rocha,-6.340625,-37.746967
Repartimento,-5.1227679,-57.9614059336704
Itatinga,-23.1042417,-48.613487400000004
Pires do Rio,-17.3006277,-48.2793037
Lagoa da Prata,-20.022778,-45.544046200000004
Unai,-16.362876699999997,-46.892413
Patu,-6.100621299999999,-37.638514799999996
Conde,46.8791315,1.9862668999999997
Sao Lourenco da Serra,-23.8570795,-46.932742919747106
Charqueada,-22.50958,-47.775468
Gameleira,-8.579803,-35.384572999999996
Itapema,-27.094720000000002,-48.6137778
Pedras de Fogo,-7.36044425,-35.0621940380952
Andira,-23.049476100000003,-50.2310027
Catalao,-18.1702546,-47.94470820000001
Guarda Mor,-17.7698054,-47.0991762
Gaviao,39.44956775,-7.9130525997889904
Santa Filomena,-9.115720800000002,-45.920105299999996
Aguas Lindas,-1.4106819,-48.3925318
Itajuba,-22.4238234,-45.4524156
Sao Mateus do Sul,-25.866823,-50.382796
Gravatá,-8.1993049,-35.5631137
Mafra,-26.1150943,-49.8035982
Palmitos,-27.0711023,-53.1596594
Guararema,-23.414125600000002,-46.036962700000004
Sanharo,-8.3628776,-36.5573186
Boqueirao,-7.487004,-36.130887
Dom Eliseu,-4.19944255,-47.82450372567679
Sacramento,,
Guapore,-28.847192800000002,-51.8907881
Divisopolis,-15.721654500000001,-41.0032019
Joao Neiva,-19.756346,-40.3848345
Tiangua,-3.7307332000000004,-41.0004019
Santana da Vargem,-21.249062,-45.50547279999999
Apiuna,-27.0374658,-49.3885037
Sao Sebastiao do Paraiso,-20.9124331,-46.9823296
Guaxupe,-21.3087615,-46.7190609
Santa Vitoria do Palmar,-33.5195569,-53.3692659
Porto Real,-22.4198366,-44.2897974
Astorga,42.455355499999996,-6.0529025
Cernusco sul Naviglio,45.5245578,9.330925
Santa Rita do Sapucai,-22.248696799999998,-45.706450700000005
Bagé,-31.328714299999998,-54.107063399999994
Sao Tomas de Aquino,-20.784444,-47.098055
Ipojuca,-8.3980773,-35.0611068
Sao Jose do Cedro,-26.4555904,-53.495478500000004
Miracema do Tocantins,-9.5617939,-48.3966536
Vargem Alta,-20.6742303,-41.010615
Guabiruba,-27.0864326,-48.978131899999994
Ibirama,-27.0536613,-49.519115299999996
Milha,-5.683502799999999,-39.1972575
Barrocas,-11.5165,-39.099282894736795
Anicuns,-16.4606451,-49.957226500000004
Palmeiras de Goias,-16.810239300000003,-49.923416499999995
Campestre,-8.8481634,-35.5660033
Pinheiral,-22.5129436,-44.001435
Seattle,47.6038321,-122.3300624
Itapipoca,-3.499329,-39.583571
Sao Jose do Jacuipe,-11.4244205,-39.8859208
Amparo,10.8355596,-84.656699579937
Taio,46.320589899999995,11.0668144
Quissama,-22.107205,-41.4723411
Aguas Belas,40.3754826,-7.1668240999999995
Serra Negra do Norte,-6.6627568,-37.401058299999995
Brumado,-14.29507325,-41.659307508576
Pindorama,-10.333333300000001,-53.2
Sao Joao de Iracema,-20.5235,-50.3633125
Bady Bassitt,-20.9325,-49.42440277777779
Santa Lucia,13.8250489,-60.975035999999996
Tombos,-20.910556,-42.026389
Cachoeiras de Macacu,-22.4626861,-42.6534414
Prado,41.9203967,-5.4203949
Itaja,-19.0673379,-51.5495141
Campos,-21.7558619,-41.3326895
Cruzeiro do Oeste,-23.7839582,-53.07094250000001
Sao Bento do Sapucai,-22.680635000000002,-45.68640898213609
Itirapina,-22.253982500000003,-47.8206468
Terenos,-20.4409259,-54.8656049
Vassouras,-22.4040394,-43.663385299999995
Quilombo,-31.5241659,-52.4781861
Pitangui,-19.682223,-44.890555
Iturama,-19.7272733,-50.193488
Alexania,-16.0834049,-48.50778029999999
Mucuri,-18.0787487,-39.547058299999996
Curitibanos,-27.291777399999997,-50.5770241
Claro dos Pocoes,-17.0758235,-44.2117357
Holambra,-22.633202800000003,-47.0545305
Raposa (1),33.647753,-117.599019
Loanda,-22.9320944,-53.13524520000001
Muqui,-20.9560116,-41.353086700000006
Santo Antonio do Monte,-20.086944,-45.290555
Vicencia,-7.6507233999999995,-35.311779067930104
Esperanca,-7.018517,-35.852193
Sao Lourenco da Mata,-8.0067234,-35.015503
Pequeri,-21.8369971,-43.1207799
Joselandia,-4.9860047,-44.696953
Ilhabela,-23.77806,-45.358059999999995
Batalha,-9.673380900000002,-37.1265481
Capivari,-22.995144,-47.50715
Tambau,-21.702920000000002,-47.270344
Moju,-1.8899259999999998,-48.766765
Neuquén,-38.369505700000005,-69.832275
Ibotirama,-12.1829519,-43.2181138
Frutal,-20.0220064,-48.9280076
Rio Tinto,41.180716600000004,-8.557569099999998
Proenca-a-Nova,39.71812685,-7.8615663708145
Fernandes,37.6195907,-7.6196652
Borrazopolis,-23.9393362,-51.5850786
Caldeirao Grande,-11.0208483,-40.3041387
Pato Bragado,-24.6270545,-54.22645870000001
Silva Jardim,-28.6455,-52.0262888888889
Jaguariaiva,-24.2589699,-49.7201518
Ichu,-11.749054600000001,-39.1909615
Sao Pedro,40.1292582,-8.85560933456
Raposos,-19.967223,-43.804167
Sao Joao do Piaui,-8.3601426,-42.248764200000004
Laranjal Paulista,-23.050564,-47.837548999999996
Arinos,-15.917223000000002,-46.106111
Sao Jose do Alegre,-22.3306078,-45.5285443
Parisi,48.85881005,2.3200310115503098
Joaçaba,-27.173988899999998,-51.504638799999995
Sao Joaquim,-23.5613712,-46.6385904
Ze Doca,-3.270145,-45.655344
Cristina,38.836958,-6.0984014
Rosario do Sul,-30.2527151,-54.9179382
Ceres,45.313377200000005,7.3896883
Araguatins,-5.652292500000001,-48.1158973
Barcarena,-1.5107945,-48.6190679
Barra de Sao Miguel,-7.679528100000001,-36.3056789378502
Buritama,-21.0664017,-50.14480770000001
Chattanooga,35.0456297,-85.3096801
Joaquim Gomes,-9.0755,-35.7864977129788
Santa,45.6039807,9.3005709
Irati,-25.469663,-50.649287
Jersey City,40.7281575,-74.0776417
Potim,-22.837722699999997,-45.2565239
Valentim Gentil,-20.4226107,-50.0861511
Sao Joao do Rio do Peixe,-6.7291053,-38.4478745
Espera Feliz,-20.649419199999997,-41.908069299999994
Guatambu,-27.133313899999997,-52.7852104
Garuva,-26.029490399999997,-48.8545202
Sao Bento do Una,-8.520709199999999,-36.444554600000004
Entre Rios,-31.6252842,-59.353957799999996
Taquari,-29.79433,-51.865346
Mata,40.6164299,-0.27953320000000004
Ibicare,-27.088140999999997,-51.368101
Serra Talhada,-7.986780499999999,-38.2920294
Passagem,-7.1364483,-37.047428499999995
Delmiro Gouveia,-9.385336,-37.998676
Baependi,-21.959162,-44.889924900000004
Reading,51.456659,-0.9696511999999999
Acailandia,-4.951021599999999,-47.495786100000004
Agronomica,-27.2660744,-49.7104753
Canela,-29.3624657,-50.8134204
Montreal,45.4972159,-73.61036419999999
Penha,-26.775418,-48.6465251
Serra Preta,-12.1589615,-39.3320929
Buri,45.773995,-0.421175
Monte Santo de Minas,-21.189722,-46.98
Iuna,-20.3427029,-41.5360386
Brejoes,-13.103375400000001,-39.790983700000005
Saloa,-8.9734418,-36.687608000000004
Bentonville,36.372853799999994,-94.2088172
Saint Paul,43.697972,7.121630400000001
Miami,25.7742658,-80.1936589
Tres Cachoeiras,-29.44911325,-49.9109745035427
Aurelino Leal,-14.3167137,-39.3256107
Conceicao de Macabu,-22.0849986,-41.867994700000004
Cambe,-23.278285699999998,-51.2799829
Fernandopolis,-20.2825647,-50.2500762
Barra Alegre,-19.4229093,-42.6215339338644
Iraucuba,-3.7476035000000003,-39.784240600000004
Piracaia,-23.052545000000002,-46.359374
Promissao,-21.5404913,-49.857470899999996
Mangabeira,-4.1327424,-38.1843285
Xavantina,-27.0713302,-52.34048
Cangucu,-31.398276,-52.6773522
Urucui,-7.239439,-44.557683000000004
Registro,-24.497942000000002,-47.844895
Sao Domingos do Araguaia,-5.681666000000001,-48.7313514039409
Glorinha,-29.8790534,-50.7869437
Xexeu,-8.8036743,-35.624444200000006
Espinosa,18.41088455,-66.3152555943972
Avelar,39.9234255,-8.3571854
Sao Jose da Laje,-8.992,-36.03325
Santa Rita,-7.128464999999999,-34.9846186
Coronel Martins,-26.512471899999998,-52.66817629999999
Nova Era,-4.5871116999999995,-47.381718299999996
Wagner,-12.2818593,-41.1686734
Charqueadas,-29.955012,-51.6249195
Jacobina,-11.1851561,-40.5112434
Eugenopolis,-21.0968165,-42.185098499999995
Haarlem,52.3885317,4.6388048
Morsang-sur-Seine,48.570880200000005,2.4924457
Recarei,41.1536564,-8.4122951
Jardim Alegre,-27.80125195,-51.5838410086211
Riachao do Jacuipe,-11.8071084,-39.381684299999996
Pacaja,-3.8354195,-50.639924799999996
Irupi,-20.33904985,-41.623757058215205
Acu,-0.872345,-47.9466467
Umari,-6.6465102,-38.699515500000004
Jamaica,18.185050699999998,-77.3947693
Dona Ines,-6.6032239,-35.627146
Coronel,-37.0079213,-73.1585127
Florai,-23.3206134,-52.300985600000004
Delta,,
Encantado,-29.239767800000003,-51.8762412
Progresso,-29.24608675,-52.3167201237718
Ribeira do Pombal,-10.837299,-38.538152000000004
Alegria,43.1004352,-2.0983582000000003
Doverlandia,-16.7210996,-52.3138104
San Jose,37.3361905,-121.89058329999999
Mococa,-21.464731,-47.002404999999996
Muritiba,-12.624266,-38.9885844
Sao Felix,-12.6069344,-38.9694453
Itaituba,-4.2625218,-55.9878139
Cocal,-3.4691882000000005,-41.555851000000004
Casa Branca,38.8976998,-77.0365534886228
Argoim,-12.48488595,-39.693060017498
Morro Agudo,-20.727669199999998,-48.052795
Sombrio,-29.107985,-49.632776
Macau,22.1899448,113.53804540000002
Iacu,-12.7672074,-40.2106427
Itaocara,-21.6725236,-42.0798658
Cardoso Moreira,-21.4894916,-41.6152776
Faxinal dos Guedes,-26.8534953,-52.2603607
Palmeira das Missoes,-27.9010519,-53.3135927
Uirauna,-6.521424,-38.412065399999996
Sao Bras do Suacui,-20.625,-43.948889
Imbituba,-28.241827,-48.6643444
Itabaiana,-10.685619699999998,-37.42705170000001
Barro Alto,-11.7618025,-41.909490399999996
Campo Largo,-22.5498612,-62.5104769
Capinzal,-27.3440651,-51.6110403
Muniz Ferreira,-13.0012551,-39.1102126
Xambioa,-6.4084693,-48.533606899999995
Bolivar,10.3966133,-75.4660375666667
Licinio de Almeida,-14.684215,-42.509527
Atalaia,39.4796593,-8.453579800000002
Aparecida,-22.851551999999998,-45.2340924
North Bergen,40.8042674,-74.012084
Senador Amaral,-22.5654695,-46.1776916739495
Itaipulandia,-25.141700699999998,-54.2980691
Toronto,43.653963,-79.38720699999999
Quarai,-30.3752377,-56.450897999999995
Menlo Park,37.453827399999994,-122.18218710000001
Arezzo,43.4640246,11.8604618783394
Turvo,-28.9277445,-49.6792206
Itai,-23.4172598,-49.093578799999996
Igrejinha,-29.569318,-50.791894
Vargem Grande do Sul,-21.832194,-46.891286
Pompeia,-22.1088293,-50.172075299999996
Estrela do Norte,-20.5884216,-41.336760461461296
Quata,-22.247097699999998,-50.7003624
Fartura,-23.3903826,-49.51051470000001
Maxaranguape,-5.5175989,-35.258540100000005
Arroio Grande,-29.7523344,-50.462554700000005
Eduardo,-0.38875185,29.5942033951416
Pontalina,-17.519470300000002,-49.4489262
Butia,-30.125679499999997,-51.9692224
Inhauma,-19.490277,-44.389165999999996
Campos Borges,-28.88425875,-53.0165458847524
Tapejara,-28.069233,-52.0117161
Porecatu,-22.753724,-51.379490000000004
Paranacity,-22.9304971,-52.1523164
Varzea da Canabrava,-13.632420100000001,-41.9518385
Guajara Mirim,-10.7804239,-65.3327825
Araguari,-18.651125600000004,-48.1933764
Avanhandava,-21.4603331,-49.946515600000005
Elk Grove Village,42.00412360000001,-87.9706457
Belo Oriente,-19.223252300000002,-42.4807033
Botucatu,-22.8879628,-48.4410712
Anapu,-3.4668292000000003,-51.2057035
Jaguarari,-10.2596039,-40.1965284
Coracao de Maria,-12.2484345,-38.7499274
London,51.5073219,-0.1276474
Inhumas,-16.3610569,-49.500111
Diamante,39.6777304,15.8211279
Entre Ijuis,-28.361628000000003,-54.2670019
Terra Boa,-11.49964975,-62.4200629706829
Visconde do Rio Branco,-21.01,-42.840833
Duartina,-22.414562,-49.408355
Ipaucu,-23.0552911,-49.6284195
Itambe,-15.2435245,-40.6269506
Alameda,37.6090291,-121.899142
Caririacu,-7.0417053,-39.2835527
Goianesia,-15.3118269,-49.1162001
Colinas do Tocantins,-8.061268799999999,-48.4716768
Garca,-22.212576600000002,-49.6547994
Lavras da Mangabeira,-6.7519554,-38.963401899999994
Barreirinhas,-2.7541271000000003,-42.8259693
Marilandia,-20.37697125,-44.940940405732
Salto Grande,-51.0676516,-73.0065621
Paranapanema,-23.390161,-48.720867999999996
Colinas,-29.3866023,-51.8697911
Dom Cavati,-19.374167,-42.106667
Americo de Campos,-20.292,-49.7756327377447
Mangueirinha,-25.9412009,-52.1740852
Juripiranga,-7.3743307,-35.2396
Horizontina,-27.627931,-54.309025600000005
Santo Antonio do Pinhal,-22.827881100000003,-45.699807437682
Marialva,-23.482098699999998,-51.795788
Chavantes,-23.0406405,-49.707169799999996
Grossos,-4.9843455,-37.1511253
Aurora,41.7571701,-88.31475390000001
Sertania,-8.068467,-37.268392999999996
Jandaia do Sul,-23.600390700000002,-51.645674
Corupa,-26.424640000000004,-49.245968
Anchieta,-13.1535638,-41.7743761
Chicago,41.875561600000005,-87.6244212
Fort Worth,32.753177,-97.3327459
Urania,-20.244491,-50.645086799999994
Nova Resende,-21.1263862,-46.424537
Tres Coroas,-29.513719000000002,-50.773869
Igarapava,-20.041147100000003,-47.747744399999995
Rosario da Limeira,-20.9786,-42.5119
Sao Gotardo,-19.3168844,-46.0476596
Ceara Mirim,-5.6431585,-35.424662299999994
Pombal,-6.7711315,-37.7988646
Buriti Bravo,-5.8391884,-43.8367876
Caicara do Rio do Vento,-5.75690655,-36.011015444075
Poxoreo,-15.635083499999999,-56.156837800000005
Ministro Andreazza,-11.180418099999999,-61.583426674506505
Piuma,-20.8375312,-40.7271589
Vicentina,-22.409801,-54.441506999999994
Baotou,40.660201,109.8303243
Northbrook,42.1299234,-87.8299476
Goiana,-7.5606029999999995,-34.995909999999995
Salesopolis,-23.528805,-45.84653
Inubia Paulista,-21.728,-50.9599937965261
Brodosqui,-19.8076764,-43.987764299999995
Monte Santo,37.8518061,15.125536800000003
Contendas,-4.745722,-39.973755
Senhor do Bonfim,-10.4602509,-40.189151
Cambara,-23.042273,-50.075281
Dormentes,-8.441163000000001,-40.766168
Arembepe,-12.7718821,-38.1764423
Barro Branco,-2.9735709999999997,-60.0138042
Tapiratiba,-21.468239999999998,-46.7493221
Moreilandia,-7.6298629,-39.5535521
Nossa Senhora das Gracas,-20.4030673,-41.549413951763796
Barra do Bugres,-15.0683712,-57.1853688
Bocaiuva,-17.1160208,-43.812267799999994
Satiro Dias,-11.6033746,-38.581456
Esperantina,-3.8950962999999996,-42.237059499999994
Irving,32.829518300000004,-96.9442177
Sertaneja,-23.036762699999997,-50.816802
Portel,50.707458100000004,1.5737164
Quartel Geral,-19.2730674,-45.5570007
Santo Antonio de Posse,-22.6125,-46.944234375
Vancouver,49.2608724,-123.11395290000002
Clifton,51.4615884,-2.6202846
Maruim,-10.7372604,-37.0817469
Joanopolis,-22.9298919,-46.275340500000006
Bom Jesus dos Perdoes,-23.135386399999998,-46.4648052
Monte Alegre,-1.9989108,-54.0727694
Coroata,-4.1282283,-44.1360269
Capitao,-29.271829399999998,-51.986971600000004
Olimpia,37.6381951,21.6301481641478
Conceicao do Almeida,-12.7772763,-39.1692214
Nacip Raydan,-18.457563399999998,-42.2496073
Detroit,42.3486635,-83.0567375
Ipira,-27.4147336,-51.7709918
Cayenne,4.937114299999999,-52.325830700000004
Boca da Mata,-9.663,-36.1634
Jeremoabo,-10.0805832,-38.3436844
Piacu,-20.3147782,-41.4091909559655
Okazaki,34.950974,137.260842
Belapur,29.36316025,80.7234362804887
Entre Rios de Minas,-20.670834,-44.065556
Estrela dOeste,-20.248,-50.409936339522496
Neuvy-en-Sullias,47.795484,2.2456837000000003
Bangu,11.642359800000001,4.64906472499114
Barra do Garças,-15.8916033,-52.2615413
Araquari,-26.370332399999995,-48.7210994
Pien,53.1655415,44.787918100000006
Picui,-6.509403599999999,-36.347240500000005
Jardim do Serido,-6.5904300000000005,-36.7736039
Camacan,-15.4166631,-39.4930088
Muniz Freire,-20.4648633,-41.415342200000005
Massaranduba,-7.1812758,-35.733071200000005
Ibiruba,-28.630160999999998,-53.096123999999996
Mendoza,-32.8897294,-68.8442956
Capelinha,-17.693889000000002,-42.518611
Casinhas,-7.744698,-35.72509229999999
Magalhaes,-18.308410000000002,-43.008067
Bonito,41.09772,15.001344
Bebedouro,-20.949077,-48.479083
Ladainha,-17.626507800000002,-41.7385789
Marechal Floriano,-20.4124966,-40.674985799999995
Salto de Pirapora,-23.66,-47.5898076923077
Caruara,-2.76978,-66.81196170000001
Candelaria,-26.0832993,-65.0955734171333
Tapuirama,-19.155168600000003,-47.98891929310351
Capinopolis,-18.682778,-49.569722999999996
Bacaxa,-22.7205818,-42.5225525
Cabreuva,-23.3075542,-47.13243370000001
Nazare Paulista,-23.1811175,-46.395005600000005
Morungaba,-22.88,-46.79167
Santo Domingo,18.4801972,-69.942111
Itamogi,-21.078333999999998,-47.048333
Icarai,-3.6740970999999996,-38.67004779999999
Valenca do Piaui,-6.403013,-41.737497999999995
Santo Anastacio,-21.974662,-51.652662
Raritan,40.5695474,-74.6329363
Ruy Barbosa,-12.2856669,-40.495836100000005
Trombetas,-0.056995500000000004,-56.8907692
Tocantins,-10.8855129,-48.3716912
Potengi,-7.091520500000001,-40.026824100000006
Cordeiro,-22.0287681,-42.360744200000006
Campo do Meio,-28.333589,-52.0528119828316
Goioere,-24.1852026,-53.0249976
Areia Branca,-4.9506652,-37.1263312
Rio de Contas,-13.580333300000001,-41.8112152
Itariri,-24.290071100000002,-47.176151000000004
Chapada,-28.058782899999997,-53.0657459
Matoes dos Caboclos,,
Maracai,-22.6120503,-50.667411799999996
Flushing,40.7654301,-73.8174291
Lambari,-21.9754009,-45.3505415
Camamu,-13.943814199999998,-39.1060917
Riachuelo,-27.513692499999998,-58.594699899999995
Frei Miguelinho,-7.9404273000000005,-35.923176886442796
Junqueiropolis,-21.5105888,-51.4348179
Iracemapolis,-22.583234,-47.522963
Sao Joao Evangelista,-18.548023,-42.7652888
Braco do Trombudo,-27.358578,-49.882145
Guaranesia,-21.3024827,-46.79569620000001
Bananeiras,-6.7537682,-35.6338343
Barra Velha,-26.633820299999996,-48.683500099999996
Paraguacu Paulista,-22.4568047,-50.530489275
Bom Jesus do Itabapoana,-21.1341025,-41.680095
Sao Luiz Gonzaga,-28.407454600000005,-54.9609081
Nova Mutum,-13.825501500000001,-56.0849262
Mamonas,-15.047709900000001,-42.9499586
Bandeirantes,-20.351796899999997,-43.363276034840496
Apodi,-5.6631109,-37.796927000000004
Novorizonte,-16.0178,-42.4072
Istanbul,41.0096334,28.9651646
Catanduvas,-21.5631242,-45.4406831
Braganca,41.807118200000005,-6.7589839000000005
Arceburgo,-21.364444,-46.939721999999996
Campos do Jordao,-22.692985500000002,-45.5184917977816
Sao Miguel do Guama,-1.5521311000000002,-47.447217101719
Teodoro Sampaio,-12.3053855,-38.6408979
Serrania,-21.548333,-46.039722
Santa Rosa de Viterbo,5.8746789,-72.9825064
Conceicao da Aparecida,-21.094166,-46.204444
Aguai,-22.0575,-47.052917613636396
Guararapes,-21.253711499999998,-50.64417460000001
Ouro Preto do Oeste,-10.7223354,-62.253341299999995
Cesario Lange,-23.22066875,-47.943335758983096
Carapebus,-22.186996899999997,-41.6633764
Luisburgo,-20.4394,-42.1025
Santa Helena,-15.968686199999999,-5.7129557
Santana do Livramento,-30.8894097,-55.5317694
Guarai,-8.835429,-48.511432
Mantenopolis,-18.8626177,-41.122401200000006
Alvaro de Carvalho,-22.084,-49.74071428571429
Sao Felix do Piaui,-5.9323879999999996,-42.1135317
Triunfo,-29.940797200000002,-51.7191859
Guacui,-20.7726679,-41.6750657
Abrantes,39.44010295,-8.12823640725167
Dracena,-21.484310999999998,-51.535034
Patrimonio Divino,-20.5835656,-41.761314
Coruripe,-10.124996300000001,-36.1760623
Breves,-1.6803599999999999,-50.479085
Vargem Grande,-22.970791100000003,-43.496891399999996
Almeirim,-1.5290377,-52.5788111
Bom Jesus do Norte,-21.1254776,-41.6711646
Bom Jesus do Tocantins,-5.02850095,-48.771225816530105
Itapui,-22.2346755,-48.7189744
Nova Prata,-28.784398,-51.6105402
Aparecida d'Oeste,-20.477999999999998,-50.91925
Marechal Candido Rondon,-24.5570477,-54.05714570000001
Japaratuba,-10.593488800000001,-36.941514
Lucena,37.409133399999995,-4.4860128
Sao Miguel do Tocantins,-5.5549817,-47.5747649
Sao Jose do Rio Pardo,-21.596,-46.8628566625111
Lagoa,-6.1136981,106.91015074750901
Pinheiro Machado,-31.57922,-53.382424300000004
Orlandia,-20.720278,-47.886666999999996
Santa Vitoria,37.91911195,-8.028753685468411
Borborema,-21.621188500000002,-49.074346500000004
Limoeiro,-7.872599,-35.440154
Lagoa d'Anta,-6.394926,-35.594904
Sao Joaquim de Bicas,-20.0489052,-44.2731691
Corbelia,-24.7951117,-53.2961804
Frankfurt am Main,50.1106444,8.682091699999999
Ubata,-14.212001999999998,-39.5245924
Monte Carlo,43.7402961,7.426558999999999
Armazem,-28.262499600000005,-49.019012599999996
Rafard,-23.0142111,-47.527578600000005
Pune,18.5203062,73.8543185
Bofete,-23.101955399999998,-48.261053499999996
Ararica,-29.616832000000002,-50.929128000000006
Bananal,-22.6828195,-44.322109499999996
Cidade,39.461775200000005,-9.1928495
Sao Miguel Arcanjo,-23.933000000000003,-48.0124976076555
Toritama,-8.0083743,-36.058776
Sao Francisco do Gloria,-20.790069,-42.2679636
Virgem da Lapa,-16.8071554,-42.3376458
Piquete,-22.6138451,-45.1777096
Batatais,-20.892867000000003,-47.592149
Sao Jorge do Ivai,-23.4327325,-52.29245529999999
São Borja,-28.657557300000004,-56.000191599999994
Guaira,-24.0851924,-54.2567519
Ocala,29.187198600000002,-82.14009229999999
Morro,-2.6331919999999998,-80.3273764
Palestina,31.649741,35.162071999999995
Claudio,-20.440384899999998,-44.76812879999999
Poco das Trincheiras,-9.285,-37.295826923076895
Joaquim Nabuco,-8.568,-35.551098837209295
Rio Pomba,-21.275,-43.178889
Mandaguari,-23.5224849,-51.6787511
Matelandia,-25.2404183,-53.9835004
Reriutaba,-4.1418352,-40.582435600000004
Sao Francisco do Conde,-12.628108000000001,-38.6811326
Conceicao do Caninde,-7.8774025,-41.596141700000004
Juara,-11.2535587,-57.5080072
Frederico Westphalen,-27.35711,-53.39641170000001
Ubaitaba,-14.3117771,-39.3226605
Ipaba,-19.411389,-42.42
Garibaldi,42.6593049,21.160593
Goianinha,-6.2663538,-35.209244700000006
Pituba,-11.645582699999999,-42.519529872792894
Tamandare,-8.7500009,-35.1045787
Lindolfo,-34.9094932,-56.21285989999999
Alvorada do Sul,-22.780726899999998,-51.2307721
Asunción,-25.295991600000004,-57.6311196
Bannach,-7.350850500000001,-50.4064531
Campo Formoso,-10.51055,-40.320031
Riachao,-15.3106795,-41.018170700000006
Oneşti,46.25165,26.7893824182569
Anguera,-12.150968800000001,-39.245251
Inhapim,-19.550183399999998,-42.120987899999996
Jaboti,-23.7431092,-50.0748781
Pinhalzinho,-22.7824349,-46.5901718
Cunha Pora,-26.8927163,-53.171651600000004
Aluminio,-23.5203479,-47.2575256
Uruacu,-14.5244164,-49.15100220000001
Demerval Lobao,-5.3640643,-42.673992999999996
Mendonca,-21.1838813,-49.579059
Vila Propicio,-15.455843099999997,-48.8855024
San Ramon,37.7799273,-121.9780153
Novo Cruzeiro,-12.060153,-49.024576
Pocao,-8.186709,-36.7023901
Pirangi,-21.0984037,-48.6740537
Carmo da Mata,-20.558334,-44.870377399999995
Espirito Santo do Pinhal,-22.191999999999997,-46.785313725490205
Penapolis,-21.419240600000002,-50.0765588
Hutchinson,38.06084439999999,-97.9297743
Palmeiras,-12.5151234,-41.5746054
Paraipaba,-3.437987,-39.147868
Extremoz,-5.701433,-35.304840000000006
Malhada dos Bois,-10.345077900000001,-36.920665899999996
Mangaratiba,-22.9600193,-44.041109999999996
Guaratuba,-25.880619199999998,-48.5750905
Ibipora,-23.265941,-51.052243
Itueta,-19.3962456,-41.226307500000004
Kenitra,34.25506595,-6.56766575137986
Maia,46.5811811,24.848184200000002
Ouro Verde,-21.4975,-51.7193802083333
Varjota,-4.1958345,-40.4735305
Newington,41.6978777,-72.7237063
Rio Novo,-21.475318899999998,-43.1250813
Itabera,-23.8621345,-49.1398926
Cafelandia,-21.803112,-49.609213000000004
Santa Terezinha,-7.4460603,-37.4415775032975
Sao Joao da Ponte,-15.9283299,-44.007803499999994
Ribeira do Amparo,-11.0412527,-38.4299461
Umirim,-3.6777737999999998,-39.348725
Florinia,-22.9016004,-50.7268005
Sao Jose do Goiabal,-19.925098000000002,-42.7083162
Arroio Trinta,-26.930197600000003,-51.334928000000005
Lagoa Formosa,-9.6263597,-43.126021
Figueiredo,41.47094765,-8.38193761365374
Altos,-5.0393915,-42.461169399999996
Vera Cruz,-12.9608153,-38.6099216
Riachinho,-16.2212448,-45.9997305
Venancio Aires,-29.614306,-52.193159
Montevideo,-34.9059039,-56.1913569
Ubirata,-12.913662,-55.210561
Sao Joao da Mata,-21.930278,-45.928889
Santa Ernestina,-21.45,-48.35912777777779
Caconde,-21.527995,-46.643659
Oriente,18.4130969,-66.03343558104
Venda Nova,-19.8084764,-43.976767267766895
Fairfield,38.2493581,-122.03996629999999
Extrema,-22.8549109,-46.319007899999995
Monsenhor Tabosa,-4.7892224,-40.0630242
Guajeru,-14.5464079,-41.937904700000004
Aracati,-4.558259,-37.767894
Laranjeiras do Sul,-25.4073197,-52.415013200000004
Cidade Gaucha,-23.3816558,-52.9444098
Governador Portela,-22.482394,-43.506325
Atlanta,33.749098700000005,-84.39018490000001
Rio Casca,-20.4583452,-42.667213700000005
Serra Redonda,-7.1873318,-35.6803791
Basel,47.55810770000001,7.5878261
Espigao Alto,-27.61645775,-51.527237626099605
Dois Vizinhos,-25.7464681,-53.0554369
Taguai,-23.4534312,-49.4054454
Brejetuba,-20.1475033,-41.2868561
Calumbi,-7.9389746,-38.151687100000004
Medicilandia,-3.4438388,-52.888923600000005
Baturite,-4.3290203,-38.8821055
Itiuba,-10.6917496,-39.8532886
Santo Amaro da Imperatriz,-27.6852706,-48.7812528
Benevides,-1.3555576999999999,-48.252235
Cajati,-24.727237600000002,-48.107791399999996
São Miguel do Oeste,-26.7278977,-53.517668900000004
Itanhandu,-22.2957913,-44.9366732
Eloi Mendes,-21.609406200000002,-45.5653995
Luiziania,-21.6764752,-50.3278714
Dom Pedro,-3.4583652000000003,-46.099684100000005
Crateus,-5.178245099999999,-40.6696545
Jaci,-20.8844434,-49.5710544
Araras,-22.3569477,-47.383888899999995
Domingos Martins,-20.364648300000002,-40.658579700000004
Jaguare,-18.902924399999996,-40.0712037
Rio Novo do Sul,-20.82961355,-40.9047041659824
Catigua,-21.049148499999998,-49.05789229999999
Cruz Machado,-26.018462600000003,-51.350317100000005
Tabuleiro,-21.3585,-43.262183035714294
Agua Doce,-14.705137400000002,-39.8915064576923
Campo Novo,-27.679214299999998,-53.8051654
Jose Boiteux,-26.962071999999996,-49.626250899999995
Pimenta Bueno,-11.6767868,-61.1863902
Girau do Ponciano,-9.7935,-36.8323480392157
Prata,39.8310958,-8.2509517
Rolling Meadows,42.0841936,-88.0131275
Melrose Park,41.900586499999996,-87.8567277
Hopkins,,
Moline,41.5067003,-90.5151342
Padre Bernardo,-15.167641099999999,-48.2840561
Santo Antonio dos Lopes,-4.866134,-44.365278
Sao Joao do Oriente,-19.3408518,-42.1550657
Piranga,-20.685,-43.3
Buriti dos Lopes,-3.1776723,-41.87074439999999
Ipiranga,-23.58927255,-46.606162066676504
Jaboticatubas,-19.521667,-43.745277
Nazario,-16.580768900000002,-49.881671000000004
Campo Ere,-26.394743199999997,-53.079049499999996
Caldas,5.3302514,-75.28734709999999
Guara,-20.429049600000003,-47.8250067
Ibiapina,-3.9228792,-40.8890296
Sao Joao do Manteninha,-18.722929500000003,-41.1615277
Porto Murtinho,-21.698078,-57.883586
Aiuaba,-6.5710836,-40.1212278
Santa Juliana,-5.6660072,-47.8448821
Itapolis,-21.5958368,-48.8122696
Brasilia de Minas,-16.2075114,-44.430559
Santa Quiteria,-4.3336553,-40.1544913
Costa Rica,10.2735633,-84.0739102
Jaragua,-15.752947899999999,-49.334428100000004
Milagres,-12.864635,-39.861092
Nova Alianca,-21.013,-49.4987
Sao Jose do Rio Claro,-13.4467103,-56.721436499999996
Quixeramobim,-5.1983553,-39.2955573
Sitio Sebastiao Lopes Dias,-22.562381600000002,-45.561106099999996
Cameta,-2.2429490000000003,-49.497885
Lajes,-5.7014079,-36.246219
Fernando Pedroza,-5.775186799999999,-36.364570487766706
Bonito de Santa Fe,-7.314333199999999,-38.514667700000004
Nova Europa,-21.7775,-48.55312501450911
Guamare,-5.1075294,-36.319663500000004
Malhada,-14.337919099999999,-43.7716651
Timbauba,-7.5118822,-35.316076
Garopaba,-28.027479800000002,-48.624019700000005
Matias Olimpio,-3.7150635999999997,-42.5547925
Nova Ponte,-19.1692213,-47.671764200000005
Porto da Folha,-9.9152762,-37.2791369
Conceicao,-7.556505900000001,-38.5053706
Pinhal Grande,-29.3472446,-53.33430229999999
Jacuizinho,-29.0342213,-53.053495700000006
Lomas de Zamora,-34.7573682,-58.4020375
Lanus,43.1127203,-0.3391002
Coracao de Jesus,-1.0189567,-48.0960433
Canapolis,-18.7228793,-49.2016329
Sao Mateus do Maranhao,-4.0289169000000005,-44.4667342
Cabralia Paulista,-22.4815,-49.3540725806452
Riozinho,-29.6404582,-50.4596262
Cedar Rapids,41.9758872,-91.6704053
Sao Miguel do Araguaia,-13.272644199999998,-50.1627219
Cha Grande,-8.238546000000001,-35.4768105022287
Cunha,-23.07753,-44.956743599999996
Campo Belo do Sul,-27.898756300000002,-50.75868870000001
Miguel Calmon,-11.4309436,-40.597650099999996
Adolfo,-21.2356597,-49.644191799999994
Pastos Bons,-6.601399900000001,-44.087812400000004
Ibiracu,-19.8309496,-40.3686594
Mariluz,-29.9269053,-50.101650899999996
Igaracu do Tiete,-22.541999999999998,-48.565108187134506
Nova Esperanca,-16.55504565,-43.963926073863796
Oliveira dos Brejinhos,-12.319330800000001,-42.8914271
Rio Verde,-17.7921255,-50.9191219
Ramos Mejia,-34.6482211,-58.5635765
Campanha,-21.8361108,-45.401986
Nazare da Mata,-7.74114345,-35.232813882758606
Placido de Castro,-10.3239154,-67.1824196
Iguatama,-20.174445000000002,-45.711110999999995
Senhora da Gloria,-18.453669,-44.175626
Juina,-11.4230908,-58.757021200000004
Tres de Maio,-27.7799415,-54.235662600000005
Jucurutu,-6.0343518,-37.0186249
Barao de Juparana,-22.340653200000002,-43.6833441
Irara,-12.042027099999999,-38.7635638
Rolante,-29.652794500000002,-50.5769391
Clementina,-21.5915,-50.4776630434783
Engenheiro Beltrao,-23.799600299999998,-52.2592684
Aracatiacu,-3.8771811,-40.0232903
Pitanga,-24.759586,-51.763758200000005
Somerset,51.083333,-3.0
Sao Jose dos Salgados,-20.1034031,-44.779557156876294
Carolina,6.750178699999999,-75.32292292773509
Macedonia,41.617121399999995,21.7168387
Areial,-7.050130599999999,-35.9245244
Ipanema,-19.7999954,-41.713880700000004
Rio Formoso,-21.397688100000003,-43.3066278
Rio das Pedras,-18.425333399999996,-43.4884927
Mongagua,-24.0959454,-46.623436100000006
Sao Jose de Uba,-21.3595365,-41.9389905
Santiago do Cacem,37.9718986,-8.68752765379749
Agudos,-22.471162,-48.987821999999994
Parobe,-29.624257,-50.831179999999996
Campos Novos,-27.396290399999998,-51.2224397
Araguaia,-20.4491767,-40.873941415771796
Remigio,-6.93826475,-35.8482025331391
Barra Longa,-20.283159100000002,-43.0422041
Sirinhaem,-8.592296300000001,-35.1151914
Itacaja,-8.392935000000001,-47.772615
Aves,41.3682864,-8.4060337
Poco Verde,-10.7192826,-38.172176799999995
Cruzilia,-21.838333,-44.808056
Pains,-20.372163,-45.661618700000005
Montividiu,-17.443933899999998,-51.172815
Pirapora do Bom Jesus,-23.377541600000004,-46.9775303916667
Terra de Areia,-29.578945500000003,-50.063359999999996
Planalto,-14.6689214,-40.481006
Iretama,-24.4212538,-52.102353799999996
Marilena,-22.735833300000003,-53.04
Plainfield,41.623191,-88.22843257890409
Senador Pompeu,-5.5874386,-39.3730901
Resplendor,-19.3254413,-41.255462200000004
Inconfidentes,-22.3168866,-46.327918200000006
Aratiba,-27.3955734,-52.3024325
Graca,-4.0453849,-40.7527195
Barbosa,6.43848325,-75.3391258982849
Brasnorte,-12.1227151,-58.005010899999995
Galileia,-19.0008674,-41.5383935
Las Vegas,36.1662859,-115.149225
Cambuci,-21.5749919,-41.9107833
Inhapi,-9.222095,-37.7480654
Paranhos,-23.8927851,-55.4287213
Nossa Senhora de Lourdes,-10.0781524,-37.05689
Abadiania,-16.1947225,-48.7068117
Getulio Vargas,-32.6795821,-53.5494295
Muzambinho,-21.3727087,-46.51927
Centro,47.5490251,1.7324061999999998
Palmeira,-25.4269718,-49.9987787
Heliodora,-22.0675,-45.542221999999995
Santa Maria da Vitoria,-13.390147699999998,-44.2013167
Nova Modica,-18.4389859,-41.4973651
Acajutiba,-11.6608057,-38.0189412
Lajinha,-20.1520595,-41.6240623
Girua,-28.0276856,-54.3518549
Wrexham,53.046506799999996,-2.9938137000000005
Antonina,-25.4298854,-48.712543100000005
Santa Teresa,-22.921399100000002,-43.1882138
Major Isidoro,-9.5326559,-36.9862043
Isidro Casanova,-34.704787599999996,-58.586160899999996
Itapiuna,-4.5654191,-38.9211537
Alianca,-7.60398,-35.222696
Casimiro de Abreu,-22.4809932,-42.2039976
Miguelopolis,-20.179612,-48.030997
Itapaci,-14.952234900000002,-49.5511221
Santa Rita de Caldas,-22.028889000000003,-46.336944
Palmeira d'Oeste,-20.4,-50.766526470588204
Jose Bonifacio,-23.564091,-46.434766582998
Travessao,-7.248671799999999,-37.1336133
Cacapava do Sul,-30.511328600000002,-53.49167610000001
Grupiara,-18.492777,-47.7225
Vila Real,39.9370604,-0.10068250000000001
Itaperucu,-25.219260000000002,-49.345427
Paris,48.85881005,2.3200310115503098
Miracema,-21.412365100000002,-42.19651470000001
Monte Belo,-27.6086488,-53.9882969239399
Rosario,-32.959500399999996,-60.661541500000006
Pojuca,-12.423135,-38.325970700000006
Jaguari,-29.498143,-54.6931868
Rio da Prata,38.4708191,-9.1877031
Zdunska Wola,51.602861499999996,18.9333201
Mamanguape,-6.833697999999999,-35.121316
Peixe,-12.0390993,-48.5392455
Aragoiania,-16.914638800000002,-49.4499148
Bocaiuva do Sul,-25.206591,-49.114131
Tenente Ananias,-6.4641549000000005,-38.1791844
Carajas,-4.5658733,-50.2776717
Boquim,-11.1450175,-37.62042279999999
Passa Tempo,-20.650555999999998,-44.495833000000005
Schroeder,28.8155439,-97.2244347
Pacaembu,-21.562661,-51.265366
Guarus,-21.718068,-41.3232559
Johannesburg,-26.205,28.049721999999996
Rio Acima,-20.0875,-43.789165999999994
Sao Sebastiao do Cai,-29.5911777,-51.37787720000001
Chopinzinho,-25.8566167,-52.52941070000001
Getulina,-21.7996435,-49.9287105
Dois Corregos,-22.4425,-48.333375
Anajatuba,-3.26441,-44.6179916
Caiabu,-22.0143038,-51.2356597
Jaua,-15.895927800000003,37.8302331
Picarras,-26.763888899999998,-48.6716667
Ivai,-25.0069795,-50.8568896
Marlieria,-19.711867,-42.7343059
Corrego do Bom Jesus,-22.626157,-45.990998876098004
Dearborn,42.3222599,-83.1763145
Maira,39.717518,15.8493274
Jaguaruna,-28.6237365,-49.0288664
Cornelio Procopio,-23.1825218,-50.6499263
Arroio do Silva,-30.7142155,-52.3461374
Murgeni,46.2035169,28.0238773
Jaguapita,-23.1102516,-51.532774100000005
Indianopolis,-19.039588600000002,-47.917564
